:020000040800F2
:10000000603C002041020008114C0008F540000847
:100010000D4C0008D5050008D95A00080000000062
:10002000000000000000000000000000A90100081E
:100030003B09000800000000ED0100086D520008B7
:100040005B0200085B0200085B0200085B0200081C
:100050005B0200085B0200085B0200085B0200080C
:100060005B0200085B0200085B0200085B020008FC
:100070005B0200085B0200085B0200085B020008EC
:100080005B0200085B0200085B0200085B020008DC
:10009000BD5A00085B0200085B0200085B02000812
:1000A0005B020008295300085B0200085B0200089D
:1000B000395300085B020008495300085B0200083E
:1000C0005B0200085B0200085B0200085B0200089C
:1000D0005B0200088D5A00089D5A0008AD5A0008BE
:1000E0005B0200085B0200085B02000800F002F8F7
:1000F00000F04AF80AA090E8000C82448344AAF178
:100100000107DA4501D100F03FF8AFF2090EBAE875
:100110000F0013F0010F18BFFB1A43F0010318473B
:10012000808D0000A08D00000A4410F8014B14F0EF
:100130000F0508BF10F8015B240908BF10F8014B38
:100140006D1E05D010F8013B6D1E01F8013BF9D181
:10015000641E03D0641E01F8015BFBD19142E4D31D
:10016000704700000023002400250026103A28BF15
:1001700078C1FBD8520728BF30C148BF0B60704719
:100180001FB51FBD10B510BD00F050F91146FFF7A7
:10019000F7FF06F0B3FC00F06EF903B4FFF7F2FFCF
:1001A00003BC00F071F90000224B19680868B0E840
:1001B000F00F80F30988BFF36F8F4FF0000080F3DA
:1001C00011884EF00D0E70470000000006480068D0
:1001D000006880F3088862B661B6BFF34F8FBFF343
:1001E0006F8F00DF00BF00BF08ED00E0EFF3098074
:1001F000BFF36F8F0F4B1A6820E9F00F106008B53E
:100200004FF0500080F31188BFF34F8FBFF36F8F13
:1002100007F004FE4FF0000080F31188BDE80840AD
:1002200019680868B0E8F00F80F30988BFF36F8F92
:10023000704700BF0C010020EFF3058070470000FD
:100240000948804709480047FEE7FEE7FEE7FEE76A
:10025000FEE7FEE7FEE7FEE7FEE7FEE704480549A6
:10026000054A064B7047000025530008ED000008C2
:1002700060320020603C00206034002060340020A8
:10028000032A40F2308010F0030C00F0158011F8C2
:10029000013BBCF1020F624498BF11F801CB00F89A
:1002A000013B38BF11F8013BA2F1040298BF00F8EE
:1002B00001CB38BF00F8013B11F0030300F02580AB
:1002C000083AC0F0088051F8043B083A51F804CBD2
:1002D000A0E80810F5E7121D5CBF51F8043B40F898
:1002E000043BAFF30080D20724BF11F8013B11F8A3
:1002F00001CB48BF11F8012B24BF00F8013B00F8E7
:1003000001CB48BF00F8012B704710B5203AC0F070
:100310000B80B1E81850203AA0E81850B1E8185006
:10032000A0E81850BFF4F5AF5FEA027C24BFB1E843
:100330001850A0E8185044BF18C918C0BDE81040B4
:100340005FEA827C24BF51F8043B40F8043B08BFBD
:100350007047D20728BF31F8023B48BF11F8012B84
:1003600028BF20F8023B48BF00F8012B70474FF030
:1003700000020429C0F0128010F0030C00F01B8072
:10038000CCF1040CBCF1020F18BF00F8012BA8BF80
:1003900020F8022BA1EB0C0100F00DB85FEAC17C44
:1003A00024BF00F8012B00F8012B48BF00F8012BF7
:1003B00070474FF0000200B5134694469646203928
:1003C00022BFA0E80C50A0E80C50B1F12001BFF40E
:1003D000F7AF090728BFA0E80C5048BF0CC05DF874
:1003E00004EB890028BF40F8042B08BF704748BFC2
:1003F00020F8022B11F0804F18BF00F8012B704736
:1004000070477047704710B500F008F8006810BDDD
:1004100010B5044600F002F8046010BD00487047B3
:100420000032002000487047003200207546FFF778
:10043000F9FFAE4605006946534620F007008546A1
:1004400018B020B5FFF70AFFBDE820404FF00006C6
:100450004FF000074FF000084FF0000B21F00701AC
:10046000AC46ACE8C009ACE8C009ACE8C009ACE8EF
:10047000C0098D46704710B50446AFF30080204692
:10048000BDE81040FFF789BE01491820ABBEFEE76A
:10049000260002007047000070B50A4800F068FCB2
:1004A000054640F6E440684340F6FF71B0FBF1F4C6
:1004B0004FF47A70604340F2DC51B0FBF1F080B24F
:1004C00070BD0000C803002010B5064800F012FB04
:1004D00008B100F00DFB034800F028FD08B100F062
:1004E00007FB10BDC803002070B504460025206836
:1004F000806800F0010018B32068806820F00100D7
:100500002168886001F01EFD054613E001F01AFD28
:10051000401B02280ED92068806800F0010048B115
:10052000A06A40F01000A062E06A40F00100E062C2
:10053000012070BD2068806800F001000028E5D12E
:100540000020F6E738B5044600250020009020681A
:10055000806800F0010078BB2068806840F00100EE
:1005600021688860194800681949B0FBF1F00090D3
:1005700002E00098401E009000980028F9D101F098
:10058000E1FC054619E001F0DDFC401B022814D90E
:100590002068806800F0010078B9A06A40F010007F
:1005A000A062E06A40F00100E06200BF002084F831
:1005B000240000BF012038BD05E02068806800F0FD
:1005C00001000028DFD00020F5E70000080100202E
:1005D00040420F0000BFFEE710B501E000F03AF81E
:1005E0000021034800F08FFE0028F7D110BD000065
:1005F0003404002070B58AB028216846FFF7D9FE80
:10060000002465114FF6FF7000EAC420061D00208B
:100610000590069001200790009501960020029019
:100620000390049001200890002009906946044836
:1006300000F0CEFD08B100F05BFA0AB070BD00001A
:100640003404002010B50021014800F05CFE10BD0C
:100650003404002010B50021104800F054FEE0B131
:100660000F4BA3F11C0200210C4800F060FEA0B962
:100670000B481C38806B401C09491C3988630846AC
:10068000C06A401CC8621C31A1F11C0005F058FA78
:10069000012003491C3981F8240010BD34040020D6
:1006A000140400202DE9F0478AB004460E461821B4
:1006B00004A8FFF77EFE0020029003900190804680
:1006C0000025022E02D9B01EC0B200E000208146F3
:1006D00042E0A9EB050000F0FF0ABAF1070F01D2D2
:1006E000504600E00720074600200490207848EAA2
:1006F0000020059004200690002007908DF824002B
:1007000060788DF80800002006E0811C2944625CB6
:1007100002AB411C5A54C8B2B842F6DB781C0890B0
:1007200001AB02AA04A90E4800F0ADFC40B10D488F
:10073000006B401C0B49086300200AB0BDE8F0873D
:100740000848806A401C07498862E819C5B208F168
:10075000010000F0FF0800BF4D45BADB0120ECE7C7
:1007600034040020F803002010B5044624B102210F
:10077000044800F073FC03E00221024800F0ADFDE4
:1007800010BD00003404002010B5074801F0E9F85E
:1007900008B100F0ADF90221034800F05FFC08B198
:1007A00000F0A6F910BD00003404002001480068E4
:1007B000704700003C0000200148006870470000BE
:1007C0005400002070B5054C05490648006808F043
:1007D00029F80546214607F0E7FE70BD00B0134634
:1007E000000070425400002010B50021094803F0B9
:1007F00063F8002007490968486300228021064801
:1008000001F09AFBFFF760FE05F0B2FE05F0EEFE88
:1008100010BD000040050020000801402DE9F04116
:1008200005F0CAFE054629461E48007805F0BCFEC4
:10083000044674B11C48006820441B4908601B48EA
:100840000068204419490860194800682044184984
:1008500008601448057015480068164908600020B3
:100860001249086014480088401C13490880084653
:100870000088B0F57A7F12D30D48006807F072FF48
:1008800007460E4907F0CEFF06460D4907F08CFEDD
:100890000C49086000200649086007490880BDE847
:1008A000F0810000480000203C00002040000020B3
:1008B0004C000020440000205000002000007A443A
:1008C000000048425400002010B5FFF7E5FD10BDC0
:1008D00010B5044684F001028021024801F02CFB8F
:1008E00010BD000000080140B0F5616F01D94FF460
:1008F00061600249096848637047000040050020B4
:1009000070B5044625460126002C02DA0026604216
:1009100005B2B5F57A7F01DD4FF47A753046FFF701
:10092000D7FF4FF4616068434FF47A7190FBF1F0A8
:1009300082B21046FFF7D8FF70BD704770B506460B
:100940000C46154608480670F32007494870AB204E
:1009500088700846C47005716B20487106210248F2
:1009600005F084F970BD0000B00D002070B505469B
:100970000E46002444480555641C701F122877D287
:10098000DFE800F0090F151B21272D33393F454BB8
:1009900051575D63697024203B490855601CC4B2FF
:1009A00067E0262038490855601CC4B261E0272062
:1009B00035490855601CC4B25BE02920324908550E
:1009C000601CC4B255E030202F490855601CC4B2E9
:1009D0004FE031202C490855601CC4B249E0322058
:1009E00029490855601CC4B243E033202649085504
:1009F000601CC4B23DE0342023490855601CC4B2D9
:100A000037E0352020490855601CC4B231E036205B
:100A10001D490855601CC4B22BE037201A490855FF
:100A2000601CC4B225E0382017490855601CC4B2C8
:100A30001FE0392014490855601CC4B219E03A205F
:100A400011490855601CC4B213E03B200E490855FB
:100A5000601CC4B20DE03C200B490855601CC4B2B8
:100A600007E005E03D2008490855601CC4B200E0DD
:100A700000BF00BF6B2004490855601CC4B221466A
:100A8000014805F0F3F870BDB00E002010B5044623
:100A9000064804700E2005494870522088706B206B
:100AA000C8700421014805F0E1F810BD900B00204A
:100AB0002DE9F04105460F4614461E46DDF8188024
:100AC0000A480570F62009494870084687702012C8
:100AD000C8700C710846467180F806806B20C8719A
:100AE0000821024805F0C2F8BDE8F081C00D0020E1
:100AF00070470000F8B5044600260020009000BFB3
:100B000094F82400012801D10220F8BD012084F8C6
:100B1000240000BF2046FFF7E7FC06462046FFF70B
:100B200011FD0646002E69D1A06A20F4885040F0DD
:100B30000200A062022001F009FF34490968B1FBFC
:100B4000F0F04000009002E00098401E00900098F5
:100B50000028F9D12068806840F00800216888608A
:100B600001F0F0F9054616E001F0ECF9401B0A2807
:100B700011D92068806800F0080060B1A06A20F0F8
:100B8000020040F01000A06200BF002084F82400A2
:100B900000BF0120B9E72068806800F00800002845
:100BA000E2D12068806840F004002168886001F08C
:100BB000C9F9054616E001F0C5F9401B0A2811D90C
:100BC0002068806800F0040060B1A06A20F0020094
:100BD00040F01000A06200BF002084F8240000BF95
:100BE000012092E72068806800F004000028E2D12C
:100BF000A06A20F0020040F00100A06200BF0020C7
:100C000084F8240000BF30467FE700000801002080
:100C100038B5024600230020009000BF92F824005F
:100C2000012801D1022038BD012082F8240000BF34
:100C30004868072812D21068406B0C79641E04EBD8
:100C400084051F24AC40A0430D796D1E05EB85057E
:100C50000C68AC4020431468606327E048680D28A6
:100C600012D21068006B0C79E41F04EB84051F247A
:100C7000AC40A0430D79ED1F05EB85050C68AC4039
:100C800020431468206311E01068C06A0C790D3CA1
:100C900004EB84051F24AC40A0430D790D3D05EB0A
:100CA00085050C68AC4020431468E06208680A2897
:100CB00012D31068C0680C780A3C04EB4405072482
:100CC000AC40A0430D780A3D05EB45058C68AC406F
:100CD00020431468E0600FE0106800690C7804EBB2
:100CE00044050724AC40A0430D7805EB45058C680E
:100CF000AC402043146820610868102802D00868BE
:100D0000112827D1174C1068A0421ED110688068A6
:100D100000F40000F0B91068806840F40000146826
:100D2000A0600868102815D10F4800680F4CB0FB70
:100D3000F4F000EB80004000009002E00098401EBC
:100D4000009000980028F9D104E0906A40F020005B
:100D50009062012300BF002082F8240000BF1846E3
:100D600061E70000002401400801002040420F001C
:100D700001460868C06C70472DE9F0410446002721
:100D800000250026A84614B90120BDE8F081A0681E
:100D900010B1207D00B100BFA06A30B90020E06230
:100DA00084F82400204600F089F82046FFF79CFBD9
:100DB0000746A06A00F01000002873D1002F71D1FF
:100DC000A06A20F4885040F00200A062E1696068E7
:100DD0000843217B40EA41000643A068B0F5807FCC
:100DE00002D0A068012802D14FF4807000E00020FA
:100DF0000543207D012811D1207B38B9A069401E10
:100E00004FF4006141EA4030054307E0A06A40F03A
:100E10002000A062E06A40F00100E06220684068C3
:100E200020F469402843216848602068806821498F
:100E30000840304321688860A068B0F5807F02D008
:100E4000A068012802D14FF4807000E00020B0F5C6
:100E5000807F03D1208A401E4FEA00582068C06A74
:100E600020F4700040EA08002168C86220688068A9
:100E700011490840B04208D10020E062A06A20F089
:100E8000020040F00100A06211E0A06A20F0020020
:100E900040F01000A062E06A40F00100E06201272B
:100EA00005E0FFE7A06A40F01000A0620127384685
:100EB0006BE70000FDF7E1FFFE0E1FFF10B586B0E7
:100EC0000446002002900390049005901449206885
:100ED000884222D100BF1348806940F40070114954
:100EE00088610846806900F40070019000BF00BF6F
:100EF00000BF0846806940F00400886108468069A8
:100F000000F00400019000BF00BF102002900320F9
:100F1000039002A9044800F077FE06B010BD00005F
:100F200000240140001002400008014070B5044652
:100F3000002500BF94F82400012801D1022070BDD3
:100F4000012084F8240000BF2046FFF7FBFA054685
:100F5000002D77D1A06A40F20121884340F48070CF
:100F6000A0623C492068884208D13B48006800F4F0
:100F7000702008B9012002E0002000E0012078B1D3
:100F8000A06A20F48010A0622068406800F48060AD
:100F900000B3A06A20F4005040F48050A06219E031
:100FA000A06A40F48010A0622B49091F2068884283
:100FB00003D028492068884204D12748006800F4FB
:100FC000806000E0002028B1A06A20F4005040F4C6
:100FD0008050A062A06A00F4805020B1E06A20F046
:100FE0000600E06201E00020E06200BF002084F81B
:100FF000240000BFC01E216808602068806800F4DB
:101000006020B0F5602F16D112492068884208D1BF
:101010001148006800F4702008B9012002E00020A7
:1010200000E0012038B12068806840F4A000216809
:1010300088600CE006E02068806840F48010216839
:10104000886004E000BF002084F8240000BF284628
:1010500075E70000002801400424014010B5024655
:1010600092F82030012B01D0022B06D11068406984
:10107000084314686061002010BD506A40F480206D
:1010800050620120F8E7F0B504460D461E4694F87C
:10109000207020688368A86800B900E000BF012FB5
:1010A00001D0022F7DD103F0806030B903F00060E1
:1010B00018B903F0805000287ED0C3F301610120ED
:1010C00088403060A86860B9B5F800C0E86840EAB8
:1010D0004C5C206800F5C07000EB0110C0F800C047
:1010E0000FE0D5E901C040EACC00D5F80CC040EAD9
:1010F0000C00D4F800C00CF5C07C0CEB011CCCF843
:101100000000D5F810C0206800F5C07000EB011099
:10111000C0F804C0287D01280ED1206800F5C070F9
:1011200000EB0110406840F4807C206800F5C0703E
:1011300000EB0110C0F804C0D079000692F806C098
:1011400040EA0C4092F805C040EA0C2092F804C036
:1011500040EA0C00D4F800C00CF5C07C0CEB011C7C
:10116000CCF80C00D078000692F802C040EA0C409F
:1011700092F801C040EA0C2092F800C040EA0C004E
:10118000D4F800C00CF5C07C0CEB011CCCF80800B6
:10119000206800F5C07000EB0110006840F0010C01
:1011A00001E00FE008E0206800F5C07000EB0110DE
:1011B000C0F800C00020F0BD606A40F4001060621A
:1011C0000120F8E7606A40F4802060620120F2E7C5
:1011D000F0B504460A46216894F82050012D01D04C
:1011E000022D74D1D1F8000240F00100C1F80002D4
:1011F000107D00F01F06012000FA06F3D1F81C0252
:101200009843C1F81C02D069C8B9D1F80C029843C0
:10121000C1F80C02908880B2968940EA064601F532
:101220001070576940F83760108880B2168940EA1C
:10123000064601F51070576900EBC7004660D0699B
:10124000012819D1D1F80C021843C1F80C0290887A
:1012500080B2168840EA064601F51070576940F8DA
:101260003760908980B2168940EA064601F5107011
:10127000576900EBC7004660906928B9D1F80402AD
:101280009843C1F8040204E0D1F804021843C1F8FD
:101290000402106928B9D1F814029843C1F8140265
:1012A00004E0D1F814021843C1F81402106A0128AE
:1012B00004D1D1F81C021843C1F81C02D1F8000275
:1012C00020F00100C1F800020020F0BDFFE7606AD5
:1012D00040F4802060620120F7E710B5024692F8E2
:1012E0002030012B01D0022B06D1106840698843C1
:1012F00014686061002010BD506A40F48020506284
:101300000120F8E7704710B50246002092F820301F
:10131000012B01D0022B09D121B91468E46804F033
:10132000030003E01468246904F0030010BD70B5E5
:10133000044694F82050012D01D0022D7DD151B9E1
:101340002068C06800F0030080B9606A40F40010B3
:101350006062012070BD2068006900F0030028B9B8
:10136000606A40F4001060620120F3E7206800F535
:10137000D87000EB0110006800F0040090609068E5
:1013800040B9206800F5D87000EB01100068400DEE
:10139000106007E0206800F5D87000EB01100068CD
:1013A000C0085060206800F5D87000EB011000689C
:1013B00000F00200D060206800F5D87000EB01104A
:1013C000406800F00F00082802D30820106108E0F0
:1013D000206800F5D87000EB0110406800F00F00A5
:1013E0001061206800F5D87000EB0110406800F42F
:1013F0007F40000A9061206800F5D87000EB011072
:101400004068000C5061206800F5D87000EB0110B6
:1014100080681870206800F5D87000EB01108068B3
:1014200000F47F40000A5870206800F5D87000EB87
:101430000110806800F47F0000E03CE0000C987030
:10144000206800F5D87000EB01108068000ED8709D
:10145000206800F5D87000EB0110C0681871206892
:1014600000F5D87000EB0110C06800F47F40000A5E
:101470005871206800F5D87000EB0110C06800F4C6
:101480007F00000C9871206800F5D87000EB011007
:10149000C068000ED87131B92068C06840F02000E3
:1014A0002668F06005E02068006940F020002668AA
:1014B000306100204EE7606A40F4802060620120C5
:1014C00048E72DE9F05F044600252068466920685A
:1014D000D0F80490206887682068D0F80CA02068B5
:1014E000D0F810B02068D0F8188006F0010000286D
:1014F00055D007F00100C0B101202168886007F0D5
:10150000020018B1204600F05CFA0EE007F004007B
:1015100010B145F4006508E007F0080010B145F48B
:10152000805502E0204600F04BFA07F48070C8B105
:101530004FF480702168886007F4007018B120466D
:1015400000F041FA0EE007F4806010B145F4005558
:1015500008E007F4006010B145F4804502E0204641
:1015600000F030FA07F48030C8B14FF480302168C1
:10157000886007F4003018B1204600F026FA0EE02B
:1015800007F4802010B145F4004508E007F400207E
:1015900010B145F4803502E0204600F015FA06F05F
:1015A000080038B10AF0100020B145F40075102091
:1015B0002168C86006F0040040B10AF0080028B1B4
:1015C00008202168C860204600F0A8F906F0020053
:1015D00038B12068C06800F0030010B1204600F068
:1015E0009FF906F0400038B10BF0100020B145F42F
:1015F000806510202168086106F0200040B10BF0E2
:10160000080028B1082021680861204600F0A6F9EA
:1016100006F0100038B12068006900F0030010B136
:10162000204600F09CF906F4003040B109F01000AB
:1016300028B1102021684860204600F091F906F496
:10164000803040B109F0080028B1082021684860C6
:10165000204600F0BBF906F4004088B309F004000E
:1016600078B306F4807020B108F0010008B145F0AD
:10167000010506F4007020B108F0020008B145F041
:10168000020506F4806020B108F0040008B145F0BE
:10169000040506F40060A0B108F0700088B108F0FD
:1016A0007000402817D006DC10280BD020280CD062
:1016B000302819D10CE0502810D0602814D110E047
:1016C0001DE019E045F008050FE045F010050CE0BD
:1016D00045F0200509E045F0400506E045F08005AD
:1016E00003E045F4807500E000BF00BF206880691A
:1016F00020F07000216888610420216848602DB1C5
:10170000606A284360622046FFF7FCFDBDE8F09F59
:1017100070B504460CB9012070BD94F8200010B9D2
:10172000204600F0AFF82068006840F00100216812
:10173000086000F007FC05460DE000F003FC401BCC
:101740000A2808D9606A40F400306062052084F8F5
:1017500020000120E0E72068406800F00100002838
:10176000EBD02068006820F002002168086000F0DB
:10177000E9FB05460DE000F0E5FB401B0A2808D90F
:10178000606A40F400306062052084F82000012087
:10179000C2E72068406800F002000028EBD1207EFC
:1017A000012806D12068006840F0800021680860A8
:1017B00005E02068006820F0800021680860607EF5
:1017C000012806D12068006840F0400021680860C8
:1017D00005E02068006820F0400021680860A07ED5
:1017E000012806D12068006840F0200021680860C8
:1017F00005E02068006820F0200021680860E07E95
:10180000012806D12068006820F0100021680860D7
:1018100005E02068006840F0100021680860207F23
:10182000012806D12068006840F00800216808609F
:1018300005E02068006820F0080021680860607FEB
:10184000012806D12068006840F004002168086083
:1018500005E02068006820F0040021680860D4E9F1
:101860000201084321690843616908436168491E10
:1018700008432168C86100206062012084F82000CC
:10188000002049E710B586B004460020029003907E
:10189000049005901E492068884236D100BF1D483B
:1018A000C06940F000701B49C8610846C06900F07B
:1018B0000070019000BF00BF00BF0846806940F083
:1018C000040088610846806900F00400019000BFB0
:1018D00000BFC814029000200390049002A90E4893
:1018E00000F092F94FF48050029002200390032000
:1018F000059002A9084800F087F90022052114206C
:1019000000F0D2FF142000F0BFFF06B010BD0000B1
:1019100000640040001002400008014070470000D1
:1019200010B504460C4BA3F11C0200212046FFF722
:10193000FEFC80B908481C38C06A401C06491C39A6
:10194000C8621C31A1F11C0004F0FAF80120024920
:101950001C3981F8240010BD140400207047704722
:10196000704770B5044694F82000012822D1022067
:1019700084F820002068006820F0010021680860D9
:1019800000F0E0FA05460DE000F0DCFA401B0A2802
:1019900008D9606A40F400306062052084F82000B5
:1019A000012070BD2068406800F001000028EBD1E4
:1019B0006062F6E7606A40F4002060620120F0E7B0
:1019C00070477047704770477047704770470146CF
:1019D000002291F82100022808D00420886300BF6B
:1019E000002081F8200000BF0120704708680068CF
:1019F00020F00E000B6818600868006820F00100F5
:101A00000B68186091F8403001209840CB6B58600B
:101A1000012081F8210000BF002081F8200000BFD4
:101A20001046E2E770B50446002594F8210002282C
:101A300003D00420A063012548E02068006820F05E
:101A40000E00216808602068006820F0010021680D
:101A500008601F492068884201D1012026E01C4906
:101A600014312068884201D110201FE01849283124
:101A70002068884201D1801518E015493C31206862
:101A8000884201D1801411E0114950312068884208
:101A900002D14FF4803009E00D496431206888425A
:101AA00002D14FF4801001E04FF0807008490839EE
:101AB0004860012084F8210000BF002084F8200045
:101AC00000BF606B10B12046616B8847284670BD2F
:101AD000080002402DE9F04102460B46002080E05C
:101AE0000127874007EA0301002979D0404F4FEAD8
:101AF000900C57F82C4087074FEA177C0F2707FAFE
:101B00000CF73C403B4FBA4201D100270FE03A4F5F
:101B1000BA4201D101270AE0384FBA4201D1022767
:101B200005E0374FBA4201D1032700E004274FEA0E
:101B3000807C4FEA1C7C07FA0CF7A74231D1314F69
:101B40003F688F43DFF8BCC0CCF800700CF104078D
:101B50003F688F430CF1040CCCF80070294F0C3710
:101B60003F688F43DFF89CC00CF10C0CCCF8007080
:101B7000ACF104073F688F43ACF1040CCCF8007063
:101B800087074FEA177C0F2707FA0CF4184F4FEA24
:101B9000900C57F82CC02CEA040C4FEA900847F838
:101BA00028C0FF2901D8174600E0171D3D46FF2930
:101BB00001D8870002E0A0F10807BF003E462F6869
:101BC0004FF00F0C0CFA06FC27EA0C074FF0040C40
:101BD0000CFA06FC47EA0C072F60D7688F43D760E2
:101BE000401C23FA00F7002F7FF47AAFBDE8F081A4
:101BF0000800014000080140000C014000100140B5
:101C000000140140000401402DE9F847034600227A
:101C100094466EE14FF0010808FA02F4D1F8008012
:101C200008EA0400A0427DD1DFF8DCA2D1F80480EC
:101C3000A8EB0A09D0453AD014DCB8F1030F50D014
:101C400009DCB8F1000F31D0B8F1010F1CD0B8F1A8
:101C5000020F49D120E0B8F1110F18D0B8F1120FDE
:101C600042D11EE0B9F5881F25D006DCB9F5803FCA
:101C700020D0B9F5801F37D11AE0B9F5001F18D070
:101C8000B9F5041F30D117E0D1F80CC02DE0D1F820
:101C90000C8008F1040C28E0D1F80C8008F1080C45
:101CA00023E0D1F80C8008F10C0C1EE000BF00BF4F
:101CB00000BF00BF00BF00BFD1F80880B8F1000F1F
:101CC00002D14FF0040C0BE0D1F80880B8F1010FFD
:101CD00003D14FF0080C1C6102E04FF0080C5C616E
:101CE00003E04FF0000C00E000BF00BFFF2801D868
:101CF000984601E003F104084646FF2802D84FEA5F
:101D0000820803E0A2F108084FEA88084746D6F89F
:101D100000804FF00F0909FA07F928EA09080CFAC0
:101D200007F900E088E048EA0908C6F80080D1F821
:101D3000048008F08058B8F1805F7DD100BFDFF8E3
:101D4000CC81D8F8188048F00108DFF8C091C9F8B4
:101D50001880C846D8F8188008F00108CDF800802F
:101D600000BF00BF4FEAB9384FEA920958F829502E
:101D70004FEA82784FEA18794FF00F0808FA09F80D
:101D800025EA0805DFF88881434502D14FF00008B5
:101D900016E0DFF88081434502D14FF001080FE0E3
:101DA000DFF87481434502D14FF0020808E0DFF804
:101DB0006C81434502D14FF0030801E04FF0040865
:101DC0004FEA82794FEA197908FA09F848EA0505D5
:101DD000DFF84C814FEA920948F82950D1F8048085
:101DE00008F48018B8F5801F0AD1DFF83881D8F8D8
:101DF000008048EA0008DFF82C91C9F8008009E06B
:101E0000DFF82081D8F8008028EA0008DFF8149174
:101E1000C9F80080D1F8048008F40018B8F5001F54
:101E200010D1DFF8008108F10408D8F8008048EAF2
:101E30000008DFF8F09000E05AE009F10409C9F861
:101E400000800DE0DFF8DC8008F10408D8F800809D
:101E500028EA0008DFF8CC9009F10409C9F80080ED
:101E6000D1F8048008F40038B8F5003F0ED1DFF84F
:101E7000B480A8F10408D8F8008048EA0008DFF828
:101E8000A490A9F10409C9F800800DE0DFF894805E
:101E9000A8F10408D8F8008028EA0008DFF8849048
:101EA000A9F10409C9F80080D1F8048008F4803849
:101EB000B8F5803F0ED1DFF86C80A8F10808D8F89B
:101EC000008048EA0008DFF85C90A9F10809C9F829
:101ED00000800DE0DFF84C80A8F10808D8F80080F9
:101EE00028EA0008DFF83C90A9F10809C9F8008049
:101EF000521CD1F8008028FA02F8B8F1000F7FF4E4
:101F000089AEBDE8F8870000000011100010024003
:101F100000080140000C0140001001400014014085
:101F20000800014008040140024693680B400BB1D1
:101F3000012000E0002070470AB1016101E00B04BC
:101F4000036170470148006870470000FC000020F2
:101F500010B504460CB9012010BD242084F83D00C2
:101F60002068006820F0010021680860204600F029
:101F70008BFB0020206484F83D00206384F83E0041
:101F800000BF84F83C0000BF00BFE5E770B5044621
:101F90000CB9012070BD94F83D0028B9002084F8E8
:101FA0003C00204600F08CFB242084F83D00206893
:101FB000006820F00100216808602068006840F493
:101FC0000040216808602068006820F40040216813
:101FD000086000F0BFFE05465C496068884206D88C
:101FE0005B48854201D2012007E0002005E0594806
:101FF000854201D2012000E00020012800D1C9E77C
:102000005548B5FBF0F62068406820F03F003043AB
:10201000216848604D496068884201D8701C07E01B
:102020004FF4967070434FF47A71B0FBF1F0401C9E
:102030002168096A21F03F01084321680862434989
:102040006068884214D8681E61684900B0FBF1F0EE
:10205000401CC0F30B00042801D204203DE0681EA0
:1020600061684900B0FBF1F0401CC0F30B0034E0A4
:10207000A06838B9681E616801EB4101B0FBF1F05E
:10208000401C0AE0681E616801EBC10202EB01110D
:10209000B0FBF1F0401C40F48040C0F30B0008B9E5
:1020A00001201AE0A06848B9681E616801EB41018F
:1020B000B0FBF1F0401CC0F30B000CE0681E61683F
:1020C00001EBC10202EB0111B0FBF1F0401CC0F3C7
:1020D0000B0040F4804040F400402168C9694CF690
:1020E000FF72914308432168C861D4E9070108439E
:1020F0002168096821F0C001084321680860D4E91B
:10210000031008432168896848F2FF32914308436D
:1021100021688860D4E9050108432168C96821F075
:10212000FF0108432168C8602068006840F0010092
:102130002168086000202064202084F83D000020F1
:10214000206384F83E0000BF24E70000A086010061
:1021500080841E0000093D0040420F002DE9F84F29
:1021600004460F4690461E46FFF7ECFE05464FF02C
:10217000000994F83D0020287ED1192301226349EB
:102180002046009502F088F810B10220BDE8F88FD3
:1021900000BF94F83C00012801D10220F6E701209D
:1021A00084F83C0000BF2068006800F0010028B9F6
:1021B0002068006840F0010021680860206800681D
:1021C00020F4006021680860242084F83D0000208D
:1021D00020644F48E06200BF2068006840F48070CF
:1021E00021680860334600224FF001112046009517
:1021F00002F052F858B12068006800F48070B0F521
:10220000807F02D14FF4007020640320BEE707F006
:10221000FE0021680861FFF795FE054620684069C9
:10222000C0F3400A20684069C0F3802B10E0FFF73C
:1022300089FE401BB04200D816B9A02084F83D00AA
:1022400020684069C0F3400A20684069C0F3802BD1
:1022500094F83D00A02805D0BAF1000F02D1BBF1DF
:10226000000FE4D0202084F83D0020684069C0F3CE
:10227000400028B3206800E045E0006840F40070AA
:102280002168086000BF002000902068406900902D
:1022900020688069009000BF00BF192301221B49FC
:1022A0002046009501F0F8FF08B101206EE72020DC
:1022B00084F83D0000BF002084F83C0000BF65E7C3
:1022C0002068006840F40070216808606FF4806046
:1022D00021684861192301220C492046009501F02C
:1022E000DBFF08B1012051E709F10109C145FFF405
:1022F00073AF202084F83D0000BF002084F83C002C
:1023000000BF012042E7022040E700000200100069
:102310000000FFFF2DE9FE4F04460F469046994608
:10232000DDE90CAB0E9E00200290FFF70BFE054688
:1023300094F83D00202872D119230122CE4920466D
:10234000009501F0A9FF10B10220BDE8FE8F00BF8B
:1023500094F83C00012801D10220F6E7012084F81E
:102360003C0000BF2068006800F0010028B9206828
:10237000006840F00100216808602068006820F4CF
:10238000006021680860222084F83D00402084F825
:102390003E0000202064C4F824A0A4F82AB0608D78
:1023A0002085B648E0624B46424639462046CDE994
:1023B000006501F0C1FE08B10120C6E7208D88B993
:1023C00000BF00200190206840690190206880696A
:1023D000019000BF00BF2068006840F400702168D1
:1023E00008604BE0208D01281AD12068006820F495
:1023F00080602168086072B600BF002001902068EC
:102400004069019020688069019000BF00BF20688A
:10241000006840F400702168086062B62EE029E18F
:10242000208D022819D12068006840F400602168DE
:10243000086072B600BF00200190206840690190DA
:1024400020688069019000BF00BF2068006820F408
:1024500080602168086062B610E02068006840F47F
:1024600080602168086000BF0020019020684069FA
:10247000019020688069019000BF00BFEBE0208DD3
:1024800003287DD8208D012815D12A4631462046C3
:1024900001F0DEFF08B1012057E720680069616A9A
:1024A0000870606A401C6062208D401E2085608D2F
:1024B000401E6085CFE0208D02282CD133460022BB
:1024C0006F492046009501F0E7FE08B101203CE786
:1024D00072B62068006840F40070216808602068C7
:1024E0000069616A0870606A401C6062208D401E4D
:1024F0002085608D401E608562B620680069616A33
:102500000870606A401C6062208D401E2085608DCE
:10251000401E60859FE033460022594920460095C1
:1025200001F0BAFE08B101200FE72068006820F42E
:1025300080602168086072B620680069616A08706E
:10254000606A401C6062208D401E2085608D401EA8
:1025500060854C4800681921B0FBF1F04FF47A71A6
:10256000B0FBF1F0C0EBC00000EB8000029000BFB8
:102570000298401E02900298A8B90020206300E053
:1025800039E0202084F83D00002084F83E00206CD3
:1025900040F02000206462B600BF002084F83C00B8
:1025A00000BF0120D1E620684069C0F38000002808
:1025B000DED02068006840F4007021680860206860
:1025C0000069616A0870606A401C6062208D401E6C
:1025D0002085608D401E608562B620680069616A52
:1025E0000870606A401C6062208D401E2085608DEE
:1025F000401E60852FE02A463146204601F028FF24
:1026000008B10120A1E620680069616A0870606A6B
:10261000401C6062208D401E2085608D401E6085BC
:1026200020684069C0F38000A8B1208D032805D13F
:102630002068006820F480602168086020680069D4
:10264000616A0870606A401C6062208D401E2085AF
:10265000608D401E6085208D00287FF410AF202003
:1026600084F83D00002084F83E0000BF84F83C0060
:1026700000BF6AE6022068E6020010000000FFFFCB
:10268000040001000801002010B504460949206833
:1026900088420DD10848C06920F400100649C8617D
:1026A00040210648FFF716FA80210448FFF712FA86
:1026B00010BD00000054004000100240000C01401A
:1026C00010B586B004460020029003900490059057
:1026D00015492068884225D100BF1448806940F020
:1026E0000800124988610846806900F008000190DE
:1026F00000BF00BFC020029012200390032005906D
:1027000002A90B48FFF780FA00BF0848C06940F4EF
:1027100000100649C8610846C06900F40010019025
:1027200000BF00BF06B010BD0054004000100240C2
:10273000000C014003480068034909780844014936
:1027400008607047FC0000200401002010B5084814
:10275000006840F0100006490860032000F0E2F82D
:102760000F2000F007F800F05FF8002010BD000017
:10277000002002402DE9F04188B004460027B84609
:10278000002600BF2348C06940F004002149C86109
:102790000846C06900F00400019000BF00BF02A914
:1027A00003A800F0AFFA069F1FB900F0D3FA054660
:1027B00002E000F0CFFA45001748B5FBF0F0A0F1B9
:1027C000010816481649086040F2E7311448C16014
:1027D000C0F80480002101618160816100F088FD02
:1027E000064696B90E4800F009FE06466EB91E2050
:1027F00000F04AF8102C07D2002221461E2000F0DB
:1028000053F80848046000E00126304608B0BDE8EF
:10281000F08100000010024040420F00000800401C
:10282000600600200001002008B500BF1448806940
:1028300040F00100124988610846806900F00100FB
:10284000009000BF00BF00BF0846C06940F0805044
:10285000C8610846C06900F08050009000BF00BF0A
:1028600000220F21901E00F01FF800BF05494868A4
:1028700020F0E06040F00070486000BF08BD00003C
:10288000001002400000014001460846002809DB14
:1028900000F01F0301229A4043099B0003F1E0234B
:1028A000C3F8002100BF70472DE9F05F80460D4658
:1028B0001646002703F08AFB074639462A46334668
:1028C00001F00700C0F1070ABAF1040F02D94FF076
:1028D000040A01E0C0F1070AD14600F1040ABAF186
:1028E000070F02D24FF0000A01E0A0F1030AD4461C
:1028F0004FF0010A0AFA09FAAAF1010A0AEA020AE1
:102900000AFA0CFA4FF0010B0BFA0CFBABF1010BBE
:102910000BEA030B4AEA0B042146404603F05EFB38
:10292000BDE8F09F00BF00F00702064B19684FF6A4
:10293000FF031940044B0B4343EA0221014B19608A
:1029400000BF70470CED00E00000FA052DE9F047EC
:1029500006464FF00008002500270024A146012E5E
:1029600031D0022E56D0102E5FD132484468006814
:1029700000F0807008B33048C4F38341475C04F42E
:10298000803078B12B484068C0F340402B4911F8A3
:10299000008004F4803040B12948B0FBF8F000FB1F
:1029A00007F502E0274807FB00F52248406800F4DD
:1029B0008000B0F5800F01D1A94603E06800032133
:1029C000B0FBF1F932E01B48046A04F44070B0F542
:1029D000807F05D104F0020010B14FF4004918E0E7
:1029E00004F44070B0F5007F07D11248406A00F04F
:1029F000020010B149F640490BE004F44070B0F514
:102A0000407F06D10B48006800F4003008B14FF257
:102A100024490BE000F0AEF906494968C1F3813161
:102A2000491C4900B0FBF1F900E000BF00BF484677
:102A3000BDE8F087001002401E8E00082E8E0008B0
:102A400000127A0000093D00F8B504460026002572
:102A5000207800F0010000286BD000274348C069AF
:102A600000F0805070B900BF4048C06940F080500D
:102A70003E49C8610846C06900F08050009000BF20
:102A800000BF01273A48006800F48070B0B93848A8
:102A9000006840F4807036490860FFF753FA064634
:102AA00006E0FFF74FFA801B642801D90320F8BD28
:102AB0002F48006800F480700028F2D02B48006A8C
:102AC00000F440752DB3A08800F44070A84220D0D7
:102AD0002648006A20F4407501202649086000203D
:102AE00008602248056205F0010090B1FFF72AFA5C
:102AF000064608E0FFF726FA801B41F2883188423B
:102B000001D90320D3E71948006A00F00200002829
:102B1000F0D01648006A20F44070616808431349F9
:102B20000862012F04D10846C06920F08050C861B6
:102B300000BF207800F00200022807D10B4840684F
:102B400020F44040A168084308494860207800F01C
:102B50001000102807D10548406820F48000E16883
:102B60000843024948600020A1E70000001002402D
:102B7000007000404004424270B504460D460CB956
:102B8000012070BD5A48006800F00700A8420ED22C
:102B90005748006820F00700284355490860084658
:102BA000006800F00700A84201D00120E9E7207882
:102BB00000F0020002281DD1207800F00400042853
:102BC00005D14C48406840F4E0604A4948602078AC
:102BD00000F00800082805D14648406840F46050DD
:102BE000444948604348406820F0F000A168084329
:102BF00040494860207800F0010078B360680128FF
:102C000006D13C48006800F4003090B90120B8E7D4
:102C10006068022806D13748006800F0007040B9AB
:102C20000120AEE73348006800F0020008B9012037
:102C3000A7E73048406820F00300616808432D4949
:102C40004860FFF77FF9064609E0FFF77BF9801B34
:102C500041F28831884202D9032092E707E02548F3
:102C6000406800F00C006168B0EB810FEDD12048A6
:102C7000006800F00700A8420ED91D48006820F047
:102C8000070028431A4908600846006800F007005A
:102C9000A84201D0012074E7207800F00400042845
:102CA00007D11448406820F4E060E1680843114906
:102CB0004860207800F00800082808D10D484068D6
:102CC00020F46050216940EAC1000A49486000F0E0
:102CD00061F808494968C1F30311074A515CC840CB
:102CE0000649086006480068FFF744FD002048E7F1
:102CF0000020024000100240308E00080801002031
:102D0000000100200F2202600D4A526802F0030207
:102D100042600B4A526802F0F0028260084A526830
:102D200002F4E062C260064A526802F46052D208BD
:102D30000261044A126802F007020A60704700004C
:102D40000010024000200240014800687047000067
:102D50000801002000B5FFF7F7FF04494968C1F3F7
:102D60000221034A515CC84000BD0000001002402F
:102D7000408E000800B5FFF7E7FF04494968C1F33A
:102D8000C221034A515CC84000BD0000001002404F
:102D9000408E000870B5002100220024002300208E
:102DA000134D696801F00C05F5B1042D02D0082D12
:102DB00019D101E00F4819E00F4DC1F38346AB5D17
:102DC00001F4803555B10A4D6D68C5F340450B4E91
:102DD000725D084D5D43B5FBF2F402E0084D03FB64
:102DE00005F4204602E000BF024800BF00BF70BDEE
:102DF0000010024000127A000C8E00081C8E0008A1
:102E000000093D00F8B504460CB90120F8BD207852
:102E100000F00100002878D0F848406800F00C006D
:102E200004280CD0F548406800F00C00082811D1A7
:102E3000F248406800F48030B0F5803F0AD1EF4896
:102E4000006800F4003000285FD0606800285CD182
:102E50000120DBE700BF6068B0F5803F06D1E7489E
:102E6000006840F48030E549086028E0606858B99F
:102E7000E248006820F48030E049086008460068B5
:102E800020F4802008601AE06068B0F5A02F0BD114
:102E9000DA48006840F48020D84908600846006895
:102EA00040F4803008600AE0D448006820F48030A4
:102EB000D24908600846006820F48020086000BFFE
:102EC000606888B1FFF73EF8054606E0FFF73AF87C
:102ED000401B642801D9032098E7C848006800F423
:102EE00000300028F2D010E0FFF72CF8054606E08D
:102EF000FFF728F8401B642801D9032086E7BF4864
:102F0000006800F400300028F2D1207800F00200C0
:102F1000022857D1B948406800F00C0050B1B748BA
:102F2000406800F00C00082818D1B448406800F44C
:102F3000803098B9B148006800F0020020B12069E3
:102F4000012801D0012061E7AC48006820F0F800BA
:102F5000616940EAC100A949086033E02069E8B12D
:102F60000120A7490860FEF7EDFF054606E0FEF7E1
:102F7000E9FF401B022801D9032047E79F4800686A
:102F800000F002000028F2D09C48006820F0F80011
:102F9000616940EAC1009949086013E0002098493E
:102FA0000860FEF7CFFF054606E0FEF7CBFF401BAB
:102FB000022801D9032029E79048006800F00200A8
:102FC0000028F2D1207800F0080008282DD1A0694F
:102FD000B8B101208B490860FEF7B4FF054606E052
:102FE000FEF7B0FF401B022801D903200EE78348FB
:102FF000406A00F002000028F2D0012002F01CF923
:1030000013E000207F490860FEF79CFF054606E0BC
:10301000FEF798FF401B022801D90320F6E6774807
:10302000406A00F002000028F2D1207800F004008D
:10303000042873D100277148C06900F0805070B92E
:1030400000BF6E48C06940F080506C49C8610846B6
:10305000C06900F08050009000BF00BF01276A489F
:10306000006800F48070B0B96748006840F4807070
:1030700065490860FEF766FF054606E0FEF762FF59
:10308000401B642801D90320C0E65F48006800F4B3
:1030900080700028F2D000BFE068012806D15748B0
:1030A000006A40F001005549086227E0E06858B91D
:1030B0005248006A20F00100504908620846006A40
:1030C00020F00400086219E0E06805280BD14B48A5
:1030D000006A40F00400494908620846006A40F06E
:1030E000010008620AE04548006A20F001004349F7
:1030F00008620846006A20F00400086200BFE06829
:10310000A0B1FEF71FFF054609E0FEF71BFF401BBD
:1031100041F28831884202D9032077E622E037481D
:10312000006A00F002000028EFD012E0FEF70AFF6C
:10313000054608E0FEF706FF401B41F28831884251
:1031400001D9032062E62D48006A00F00200002841
:10315000F0D1012F05D12948C06920F080502749BE
:10316000C86100BFE069C8B32448406800F00C00A3
:10317000082860D0E069022848D10020204908666C
:10318000FEF7E0FE054606E0FEF7DCFE401B0228E7
:1031900001D903203AE61948006800F000700028C1
:1031A000F2D1206AB0F5803F07D11448406820F47E
:1031B0000030A168084311494860D4E90801084378
:1031C0000E49496821F4741108430C4948600120F4
:1031D0000B490866FEF7B6FE054607E03DE0FEF740
:1031E000B1FE401B022801D903200FE60348006806
:1031F00000F000700028F2D02FE000000010024024
:103200000000424280044242007000400020144905
:103210000866FEF797FE054606E0FEF793FE401BA4
:10322000022801D90320F1E50E48006800F0007083
:103230000028F2D111E0E069012800D1E6E5094853
:10324000466806F48031206A814204D106F4701188
:10325000606A814201D00120D8E50020D6E5000057
:1032600000004242001002407047704730B50246ED
:103270000B4600BF92F83C00012801D1022030BD6E
:10328000012082F83C0000BF022082F83D00106857
:1032900044681068816824F070041868044310685A
:1032A0004460104D1068A8420BD01068B0F1804FF8
:1032B00007D00D4D1068A84203D00C4D1068A842ED
:1032C00005D121F080015868014310688160012018
:1032D00082F83D0000BF002082F83C0000BF00BF24
:1032E000CDE70000002C0140000400400008004031
:1032F00010B504460CB9012010BD94F83D0028B962
:10330000002084F83C00204600F026F8022084F8D3
:103310003D00211D206802F01FF8012084F84600BE
:1033200000BF84F83E0001213F2001554020015597
:103330004120015500BF00BF012084F84200432016
:103340000155442001554520015500BF012084F856
:103350003D000020D0E7000038B50446244920682D
:10336000884216D100BF2348806940F4006021499B
:1033700088610846806900F40060009000BF00BFCB
:10338000002207211920FFF78FFA1920FFF77CFA96
:103390002CE02068B0F1804F16D100BF1548C069FD
:1033A00040F001001349C8610846C06900F00100FF
:1033B000009000BF00BF002206211C20FFF774FA16
:1033C0001C20FFF761FA11E00B49206888420DD1FB
:1033D00000BF0848C06940F002000649C8610846BD
:1033E000C06900F00200009000BF00BF38BD0000BF
:1033F000002C01400010024000040040014691F8FA
:103400003D00012801D001207047022081F83D00D5
:103410000868C06840F001000B68D860124B08686B
:1034200098420BD00868B0F1804F07D00F4B086866
:10343000984203D00E4B086898420CD10868806807
:1034400000F00702062A0CD00868006840F001006E
:103450000B68186005E00868006840F001000B6820
:1034600018600020D0E70000002C0140000400405C
:10347000000800402DE9F04104460D46002700BF3A
:1034800094F83C00012802D10220BDE8F08101201F
:1034900084F83C0000BF022084F83D002068866864
:1034A00026F0770626F47F46206886602868502834
:1034B00033D00CDC202850D004DC00284BD010285E
:1034C00051D149E0302849D040284CD139E060281A
:1034D0002DD0702807D0B0F5805F03D0B0F5005F25
:1034E00041D10DE041E0D5E902136A68206801F09E
:1034F00086FF2068866846F077062068866034E09C
:10350000D5E902136A68206801F079FF20688068B5
:1035100040F480402168886027E0EA686968206894
:1035200002F03EF85021206801F074FF1DE0EA68C7
:103530006968206802F047F86021206801F06AFF9E
:1035400013E0EA686968206802F02AF840212068E0
:1035500001F060FF09E000BF00BF00BF29682068DC
:1035600001F058FF01E0012700BF00BF012084F8EF
:103570003D0000BF002084F83C0000BF384684E7CF
:10358000704770B504462068C5682068066906F073
:103590000200022819D105F00200022815D1401FAF
:1035A00021680861012020772068806900F003000D
:1035B00018B12046FFF7E4FF05E0204600F0C4F80C
:1035C000204600F078F90020207706F00400042857
:1035D00019D105F00400042815D1C0432168086101
:1035E000022020772068806900F4407018B12046DE
:1035F000FFF7C6FF05E0204600F0A6F8204600F0E1
:103600005AF90020207706F00800082819D105F0A3
:103610000800082815D1C0432168086104202077DC
:103620002068C06900F0030018B12046FFF7A8FF2A
:1036300005E0204600F088F8204600F03CF9002024
:10364000207706F01000102819D105F0100010287E
:1036500015D1C04321680861082020772068C0691F
:1036600000F4407018B12046FFF78AFF05E02046BD
:1036700000F06AF8204600F01EF90020207706F0DE
:10368000010048B105F0010030B16FF00100216880
:103690000861204600F07AF906F08000802809D100
:1036A00005F08000802805D1C043216808612046CC
:1036B000FFF7DAFD06F04000402809D105F0400090
:1036C000402805D1C04321680861204600F07AF9FE
:1036D00006F02000202809D105F02000202805D17F
:1036E000C043216808612046FFF7BFFD70BD0000A0
:1036F00010B586B004460020029003900490059017
:103700000E492068884216D100BF0D48806940F0FC
:1037100004000B4988610846806900F004000190AC
:1037200000BF00BF4020029002200390059002A934
:103730000448FEF769FA06B010BD0000000400401E
:10374000001002400008014070472DE9F041044696
:103750000D461646002700BF94F83C00012802D110
:103760000220BDE8F081012084F83C0000BF36B1A2
:10377000042E1BD0082E31D00C2E5ED145E02946F8
:10378000206801F051FE2068806940F0080021683F
:1037900088612068806920F00400216888612068C1
:1037A0008069296908432168886148E029462068C2
:1037B00001F06AFE2068806940F400602168886139
:1037C0002068806920F480602168886120688069B1
:1037D000296940EA01202168886130E02946206893
:1037E00001F086FE2068C06940F008002168C861C9
:1037F0002068C06920F004002168C8612068C069A1
:10380000296908432168C86119E02946206801F048
:10381000A3FE2068C06940F400602168C861206888
:10382000C06920F480602168C8612068C069296986
:1038300040EA01202168C86101E0012700BF00BF04
:1038400000BF002084F83C0000BF384689E710B56F
:1038500004460CB9012010BD94F83D0028B90020A1
:1038600084F83C00204600F025F8022084F83D0052
:10387000211D206801F070FD012084F8460000BF82
:1038800084F83E0001213F20015540200155412090
:10389000015500BF00BF012084F8420043200155BC
:1038A000442001554520015500BF012084F83D000A
:1038B0000020D0E77047704770B504460D4615B933
:1038C00094F83E000BE0042D02D13F20005D06E09D
:1038D000082D02D14020005D01E04120005D01285B
:1038E00001D0012070BD1DB9022084F83E000EE019
:1038F000042D03D102213F20015508E0082D03D1FA
:1039000002214020015502E00221412001550122FF
:103910002946206801F062FD19492068884201D1DA
:10392000012000E0002028B12068406C40F40040F5
:10393000216848641249206888420BD02068B0F1A1
:10394000804F07D00F492068884203D00E49206875
:1039500088420CD12068806800F00706062E0CD043
:103960002068006840F001002168086005E02068D8
:10397000006840F00100216808600020B2E7000004
:10398000002C0140000400400008004010B504462F
:103990000A492068884202D1FEF7CCFE0CE020687C
:1039A000B0F1804F02D1FCF739FF05E004492068EF
:1039B000884201D101F04CFA10BD0000000800401F
:1039C000002C014070477047F8B50446204604F0CB
:1039D00003F806462D48844223D100BF0020009002
:1039E00020680068009020684068009000BF00BF19
:1039F00000BF0020009020680068009020684068A8
:103A0000009000BF00BF00BF002000902068006849
:103A1000009020684068009000BF00BF01F064FA89
:103A2000F8BD06B9FCE7304603F0FAFF0546184832
:103A300050F82500401C164941F8250000BF002021
:103A4000009020680068009020684068009000BFE7
:103A500000BF00BF00200090206800680090206830
:103A60004068009000BF00BF00BF002000902068A9
:103A70000068009020684068009000BF00BF0020F0
:103A8000F071304604F00EF800BFC9E78805002049
:103A9000A00000202DE9F84F044620680568206842
:103AA000C668206847694FF00009CA4605F00F094B
:103AB000B9F1000F0AD105F0200038B106F020005E
:103AC00020B1204601F0E3FDBDE8F88FB9F1000F09
:103AD0007BD007F0010018B906F49070002874D06C
:103AE00005F0010030B106F4807018B1606C40F050
:103AF0000100606405F0040030B107F0010018B166
:103B0000606C40F00200606405F0020030B107F024
:103B1000010018B1606C40F00400606405F008001A
:103B200048B106F0200010B907F0010018B1606C30
:103B300040F008006064606C002845D005F020006B
:103B400028B106F0200010B1204601F0A0FD206849
:103B50004069C0F3801A606C00F0080010B9BAF137
:103B6000000F2CD0204601F04CFD2068406900F089
:103B7000400000B300BF00BF2168143151E8001FAE
:103B800021F040002168143141E80002002AF3D1FD
:103B900000BFE06B50B17748E16B4863E06BFDF725
:103BA00041FF88B1E06B416B88470DE02046FFF78D
:103BB0000BFF09E009E02046FFF706FF04E020467E
:103BC000FFF702FF002060647EE7206B012877D1B9
:103BD00005F01000002873D006F010000028FAD07D
:103BE00000BF0020009020680068009020684068B6
:103BF000009000BF00BF2068406900F0400000282E
:103C00005FD0E06B006840681FFA80F8B8F1000FE1
:103C100055D0A08D404552DDA4F82E80E06B806920
:103C2000202843D000BF00BF21680C3151E8001F9D
:103C300021F4807021680C3141E80002002AF3D1A0
:103C400000BF00BF00BF2168143151E8001F21F000
:103C500001002168143141E80002002AF3D100BFBD
:103C600000BF00BF2168143151E8001F21F040005F
:103C70002168143141E80002002AF3D100BF20205E
:103C800084F842000020206300BF00BF21680C318F
:103C900051E8001F21F0100021680C3141E80002BA
:103CA000002AF3D100BFE06BFDF791FE02206063B4
:103CB000A08DE28D801A81B22046FFF784FE03E7D3
:103CC00042E0A08DE18D401A1FFA80F8E08DD0B35C
:103CD000B8F1000F37D000BF00BF21680C3151E8A8
:103CE000001F21F4907021680C3141E80002002A85
:103CF000F3D100BF00BF00BF2168143151E8001F9D
:103D000021F001002168143141E80002002AF3D1BA
:103D100000BF202084F842000020206300BF00BFC5
:103D200021680C3151E8001F21F0100021680C318E
:103D300041E80002002AF3D100BF0220606341463F
:103D40002046FFF740FEBFE605F0800030B106F0E8
:103D5000800018B1204601F0B7FDB5E605F040003F
:103D600030B106F0400018B1204601F080FCABE60F
:103D700000BFA9E6EF55000810B504460CB90120B4
:103D800010BDA06900B100E000BF94F8410028B95F
:103D9000002084F84000204600F02AF8242084F80F
:103DA00041002068C06820F400502168C8602046A7
:103DB00001F0ECFC2068006920F490402168086163
:103DC0002068406920F02A00216848612068C068A6
:103DD00040F400502168C86000206064202084F80E
:103DE000410084F842000020606300BFC8E7000083
:103DF00010B586B004460020029003900490059010
:103E000059492068884237D100BF5848806940F43A
:103E10008040564988610846806900F480400190DE
:103E200000BF00BF00BF0846806940F00400886101
:103E30000846806900F00400019000BF00BF4815EB
:103E40000290022003900320059002A94848FDF744
:103E5000DBFE4FF48060029000200390049002A9E2
:103E60004348FDF7D1FE002205212520FEF71CFD69
:103E70002520FEF709FD75E03E492068884236D1CD
:103E800000BF3A48C06940F400303849C86108466C
:103E9000C06900F40030019000BF00BF00BF0846B9
:103EA000806940F0040088610846806900F00400E1
:103EB000019000BF00BF0420029002200390032065
:103EC000059002A92A48FDF79FFE082002900020D5
:103ED0000390049002A92648FDF796FE00220621D1
:103EE0002620FEF7E1FC2620FEF7CEFC3AE0224930
:103EF0002068884236D100BF1C48C06940F4802049
:103F00001A49C8610846C06900F48020019000BFCA
:103F100000BF00BF0846806940F00800886108467D
:103F2000806900F00800019000BF00BF08150290F2
:103F3000022003900320059002A91048FDF764FEBB
:103F40004FF40060029000200390049002A90B48F7
:103F5000FDF75AFE002206212720FEF7A5FC2720A8
:103F6000FEF792FC06B010BD003801400010024080
:103F7000000801400044004000480040000C01409F
:103F800070B504460D46164694F8420020280BD121
:103F900005B10EB9012070BD0020206332462946CC
:103FA000204601F071FCF6E70220F4E770B5044604
:103FB000204603F011FD05461DB1284603F03AFDE9
:103FC00070BD0448844202D100F094FFF8E700BFBE
:103FD000F6E70000880500202DE9F84F04460E465C
:103FE000174699464FF0000A94F84100202850D116
:103FF00006B117B90120BDE8F88F002060642120C8
:1040000084F84100FDF79EFF8246A784E784A068FC
:10401000B0F5805F04D1206910B90025B04602E0F8
:1040200035464FF000081EE053460022802120460E
:10403000CDF8009001F078FC20B1202084F84100F8
:104040000320D8E745B9B8F80000C0F3080021689C
:10405000486008F1020803E02878216848606D1C78
:10406000E08C401EE084E08C0028DDD15346002225
:1040700040212046CDF8009001F056FC20B12020D0
:1040800084F841000320B6E7202084F84100002096
:10409000B1E70220AFE710B5034693F841002028AE
:1040A00013D101B10AB9012010BD19629A84DA84D2
:1040B00000205864212083F841001868C06840F04F
:1040C00080001C68E0600020EEE70220ECE70000C2
:1040D0000549884207D10021044A11700449096842
:1040E000491C034A1160704788050020E800002041
:1040F000E400002000BFFEE7014608684069C0F305
:104100008020B0B16FF480600A68506100200863BD
:10411000202081F83D00002081F83E00086C40F02E
:104120000400086400BF002081F83C0000BF0120AB
:1041300070470020FCE700002DE9F84304460F46D5
:1041400015469946DDE908862068006840F48060DD
:10415000216808602068006840F480702168086069
:10416000434600224FF001112046009600F094F8DB
:1041700060B12068006800F48070B0F5807F02D1E3
:104180004FF4007020640320BDE8F88307F0FE00C0
:1041900021680861334642463E49204600F0DBF87C
:1041A00008B10120F0E700BF0020009020684069BE
:1041B000009020688069009000BF00BF32464146F1
:1041C000204600F08AF950B1206C042805D12068FF
:1041D000006840F40070216808600120D4E7B9F15C
:1041E000010F03D1E8B22168086117E0C5F3072089
:1041F0002168086132464146204600F06EF950B110
:10420000206C042805D12068006840F40070216803
:1042100008600120B8E7E8B22168086132464146EB
:10422000204600F05AF950B1206C042805D12068CE
:10423000006840F40070216808600120A4E720684D
:10424000006840F4807021680860434600224FF007
:1042500001112046009600F01FF858B12068006850
:1042600000F48070B0F5807F02D14FF400702064BC
:10427000032089E7F8B240F0010021680861334665
:1042800042460449204600F066F808B101207BE769
:10429000002079E7020001002DE9F04104460D46B7
:1042A00017461E46DDF8188038E0701CA8B3FDF7ED
:1042B00049FEA0EB0800B04200D876BBC5F307402A
:1042C00001280AD120684069A9B20840A9B28842F1
:1042D00001D101200BE0002009E020688069A9B22B
:1042E0000840A9B2884201D1012000E00020B84274
:1042F00014D100202063202084F83D00002084F8A1
:104300003E00206C40F02000206400BF002084F8B4
:104310003C0000BF0120BDE8F081FFE7C5F3074086
:1043200001280AD120684069A9B20840A9B2884290
:1043300001D101200BE0002009E020688069A9B2CA
:104340000840A9B2884201D1012000E00020B84213
:10435000ABD00020DFE72DE9F04104460D461646BC
:104360001F4658E020684069C0F38020E8B120680B
:10437000006840F40070216808606FF48060216874
:10438000486100202063202084F83D00002084F84C
:104390003E00206C40F00400206400BF002084F840
:1043A0003C0000BF0120BDE8F081701C90B3FDF718
:1043B000C9FDC01BB04200D866BBC5F30740012849
:1043C0000AD120684069A9B20840A9B2884201D147
:1043D00001200BE0002009E020688069A9B20840B4
:1043E000A9B2884201D1012000E0002090B900204C
:1043F0002063202084F83D00002084F83E00206CDB
:1044000040F02000206400BF002084F83C0000BF82
:104410000120C8E7FFE7C5F3074001280AD120685B
:104420004069A9B20840A9B2884201D101200BE03D
:10443000002009E020688069A9B20840A9B288423A
:1044400001D1012000E0002000288BD00020AAE745
:1044500070B504460D46164637E020684069C0F343
:104460000010A0B16FF010002168486100202063A7
:10447000202084F83D00002084F83E00206C206459
:1044800000BF002084F83C0000BF012070BDFDF794
:1044900059FD801BA84200D8BDB920684069C0F30F
:1044A000801090B900202063202084F83D00002077
:1044B00084F83E00206C40F02000206400BF002003
:1044C00084F83C0000BF0120E0E720684069C0F3A9
:1044D00080100028C1D00020D8E770B504460D46F2
:1044E000164625E02046FFF707FE08B1012070BD03
:1044F000681CE8B1FDF726FD801BA84200D8BDB9B5
:1045000020684069C0F3C01090B9002020632020CB
:1045100084F83D00002084F83E00206C40F020002C
:10452000206400BF002084F83C0000BF0120DEE7CB
:1045300020684069C0F3C0100028D3D00020D6E71F
:104540000148006870470000BC00002010B532230D
:104550000A22A0210948FDF701FE60B102F0BAF974
:1045600032230A22A0210548FDF7F8FD18B10020EA
:104570000349087010BD02F0ABF8FBE75C040020B3
:10458000D10000200348007808B1012070470020C6
:10459000FCE70000D10000202DE9F04F91B0044667
:1045A0001C210AA8FBF705FF1CB9002011B0BDE8CB
:1045B000F08F1A210AA802F075F908B90020F5E772
:1045C0000AA802F067F983460DF12A0002F062F9A9
:1045D00009900BA802F05EF908900DF12E0002F090
:1045E00059F907900CA802F055F906900DF1320028
:1045F00002F050F905900DF13A0002F04BF90490E9
:104600000FA802F047F903900DF13E0002F042F9C5
:10461000029010A802F03EF90190584604F0A2F86A
:104620004FF08E41009003F0BFFF81464FF0834171
:1046300004F0F8F82060099804F094F84FF08E41E7
:10464000009003F0B1FF81464FF0834104F0EAF897
:104650006060089804F086F84FF08E41009003F0F7
:10466000A3FF81464FF0834104F0DCF8A060079877
:1046700004F078F84FF08E41009003F095FF8146EA
:10468000444904F0CFF8E060069804F06BF84FF06E
:104690008E41009003F088FF81463E4904F0C2F845
:1046A0002061059804F05EF84FF08E41009003F011
:1046B0007BFF8146374904F0B5F8606136480068F1
:1046C000A061049802F010F90646039802F00CF974
:1046D0000746029802F008F98046E6612762C4F8AE
:1046E00024802E480068A0622D480068E0622D48B2
:1046F000006820632C48007890B128480168304653
:1047000002F062F9606326480168384602F05CF9FD
:10471000A06324480168404602F056F9054602E0CD
:104720006663A7634546E563FDF70CFC82461E48B9
:104730000078B0B15146606902F052F9284601F0A4
:1047400079FF1A48006802F0B9F920641849206C12
:1047500004F068F88146174903F026FF16490860FF
:104760000AE025641249284604F05CF881461149A4
:1047700003F01AFF10490860204602F05DF8019826
:1047800003F0F0FF81460D4903F00EFF2065012084
:104790000CE700000000FA44C8000020B000002030
:1047A000B4000020B8000020D1000020C400002088
:1047B000DB0F494000003443BC0000200000C84229
:1047C00000BF00F0CFFB142002F0C3F9F9E70000AE
:1047D0000EB5002000900190029013481349086024
:1047E00000211248816001210173002101754FF4FD
:1047F0006021C16100200D49486001210B48016121
:10480000FCF7BAFA08B1FCF773F904200090012014
:1048100001900020029069460448FCF7F9F908B1BC
:10482000FCF766F90EBD000000240140C80300201B
:1048300010B50E480E4908600920486000210C4858
:104840008160C1604FF4403101614FF4001141615A
:104850000021017641768176C17601774177FCF7B8
:1048600057FF08B1FCF744F910BD00000064004098
:104870003404002000B5A3B01C221E491CA8FBF77D
:1048800044FD00211CA802F075F91B4908601C2298
:1048900018491C3115A8FBF738FD002115A802F0B6
:1048A00069F9164908601C22124938310EA8FBF735
:1048B0002CFD00210EA802F05DF9114908601C22B0
:1048C0000C49543107A8FBF720FD002107A802F08E
:1048D00051F90C4908601C22064970316846FBF703
:1048E00014FD0021684602F045F90749086023B02D
:1048F00000BD0000708D00080000002004000020B2
:10490000080000200C0000201000002000B585B039
:104910000020019002900390049000BF214880691C
:1049200040F020001F4988610846806900F020009F
:10493000009000BF00BF00BF0846806940F004003F
:1049400088610846806900F00400009000BF00BF45
:1049500000BF0846806940F0080088610846806909
:1049600000F00800009000BF00BF002282210E4826
:10497000FDF7E2FA0120019000200290039001A9C6
:104980000948FDF741F982200190012002900020A2
:1049900003900220049001A90348FDF735F905B002
:1049A00000BD0000001002400008014010B50B4897
:1049B0000B4908600B484860002109488160C160CC
:1049C0004FF480410161002141618161C161016257
:1049D000FDF7DCFA08B1FCF78BF810BD005400407D
:1049E0005C040020A086010000B587B00020039081
:1049F00004900590069001900290154815490860B2
:104A00004720486000211348816044F61F61C1605F
:104A10000021016141618161FEF76AFC08B1FCF788
:104A200067F84FF48050039003A90A48FEF722FD6F
:104A300008B1FCF75DF800200190029001A905483B
:104A4000FEF714FC08B1FCF753F807B000BD0000F6
:104A5000002C0140B004002000B587B00020039076
:104A6000049005900690019002904FF08040134909
:104A70000860472048600021104881603121C160F2
:104A8000002101618161FEF733FC08B1FCF730F8C9
:104A90004FF48050039003A90848FEF7EBFC08B1DF
:104AA000FCF726F800200190029001A90348FEF7C8
:104AB000DDFB08B1FCF71CF807B000BDF8040020CE
:104AC00000B58DB0002009900A900B900C900790D3
:104AD00008901C216846FBF76CFC204820490860C0
:104AE0000020486000211E48816040F60F61C160CF
:104AF000002101618161FEF7FBFB08B1FBF7F8FFC4
:104B00004FF48050099009A91548FEF7B3FC08B18D
:104B1000FBF7EEFF1248FEF79AFE08B1FBF7E8FF3D
:104B200000200790089007A90D48FEF79FFB08B1E9
:104B3000FBF7DEFF602000900020019002900490BF
:104B4000002269460648FEF700FE08B1FBF7D0FFD9
:104B50000348FEF7CDFD0DB000BD0000000400408D
:104B60004005002010B50B480B4908604FF4E130B8
:104B70004860002108488160C16001610C214161E9
:104B800000218161C161FFF7F7F808B1FBF7B0FFC1
:104B900010BD0000003801408805002010B50B480A
:104BA0000B4908604FF416504860002108488160A6
:104BB000C16001610C21416100218161C161FFF788
:104BC000DBF808B1FBF794FF10BD00000044004083
:104BD000D005002010B50B480B4908604FF4165063
:104BE0004860002108488160C16001610C21416179
:104BF00000218161C161FFF7BFF808B1FBF778FFC1
:104C000010BD0000004800401806002000BFFEE76D
:104C100000BFFEE710B58AB002F020F918B902F023
:104C2000F7F80AB010BD2948007820B3274800786B
:104C30008DF8040020222549091D02A8FBF765FB19
:104C4000002022490870099802F0AAF84FF07F511D
:104C5000089803F0B3FE0FD801201D4908701D49C4
:104C6000069808601C49079808601C49029808606B
:104C700016490498C86005E000201549087001A88D
:104C800002F028F81248007800B9CAE71348006813
:104C900002904FF07E5003900C48C06804904FF093
:104CA0007E5005900B48006806900B4800680790FE
:104CB00000F02EF90446AC34A368626854F8AC19CD
:104CC00001A801F087FF00BFABE70000D010002073
:104CD000E9000020EC000020F0000020F40000209B
:104CE00010B524210848FBF764FB02F0FDF8002012
:104CF00006490870064908700649086002F038F94C
:104D00000548FEF77BFB10BDD0100020E800002016
:104D1000E9000020F8000020B004002030B589B080
:104D200004464448007807287BD2DFE800F0040AF4
:104D3000161C35474D00AA2C02D101203D490870B0
:104D400072E0552C03D102203A49087004E0AA2CE5
:104D500002D000203749087066E03748047003200D
:104D60003449087060E03548047000203449087008
:104D700031480078022807D130480078202803D134
:104D800004202C49087006E02E480068401C2D497C
:104D9000086002F0A9F847E0294801780078401C33
:104DA000274A10702848445410460078234909784F
:104DB000884202DB05201F49087035E02348048043
:104DC00006201C4908702FE02048008840EA042093
:104DD0001E490880184800788DF8000017480078B0
:104DE0008DF801001548027817490DF10200FBF714
:104DF00047FA12480078811C684601F0E7FF054633
:104E000012480088854204D10F4802F0BFF805E03F
:104E100007E00C480068401C0A49086002F064F88A
:104E200002E002F061F800BF00BF02F0A1F809B093
:104E300030BD0000D5000020D6000020D7000020A3
:104E4000D8000020E0000020B0100020DA00002090
:104E500070B58CB02148007808B10CB070BD00F07E
:104E600057F8064607A9304601F058FFAA201C490A
:104E7000087055204870012088701420C8701422D2
:104E800007A91748001DFBF740FA01208DF8040020
:104E900014208DF80500142207A90DF10600FBF778
:104EA000EFF9162101A801F091FF044618252946C3
:104EB0006D1C0B484454220A29466D1C42540120A3
:104EC000064908702A4606490648FFF7E4F810B17B
:104ED00000200249087000BFBFE70000E800002082
:104EE000F41000208805002010B501F0FDFF02F04D
:104EF0003FF810BD10B502480078FFF70FFF10BD56
:104F0000D400002001490880704700001A000020EA
:104F100000487047A806002010B50F48007820B957
:104F2000FBF762FC01200C490870FBF73FFC0B49C2
:104F30008860FBF741FC0949C860FBF743FC07495F
:104F40000861FBF7C1FC054988830548B0F90000FA
:104F5000FBF7D6FC10BD000019000020A8060020B9
:104F60001A00002010B596B0542101A8FBF721FAD1
:104F7000FFF708FB10BBFCF7E5FF0446314800686B
:104F800028B130480068201AB0F5FA7F10D32E48B7
:104F9000007830B100202C4908704FF4967001F071
:104FA000D8FD28480460FFF7D1FA284981F8290084
:104FB0000020264981F8280016B010BD01202349A1
:104FC00081F8290001A8FFF7E7FA204981F82800B5
:104FD000084690F82800002831D00198C86202984D
:104FE000086303984863049888630598C863069823
:104FF000086408984864099888640A98C8640B98FB
:1050000008650C9848650D9888650E98C8650F98D6
:10501000086611984866109888660798C8661298BE
:10502000086713984867149888671598C867FFF74A
:10503000A9FA20B1FFF784FA0449C1F8B40000BF0F
:10504000BAE70000200000201F000020A806002072
:105050007FB5002003900290019000902A480078CC
:1050600020B900F0A7FC01202749087001AA03A974
:10507000002000F0C1FC05463C2001F06AFD6A46B4
:1050800002A9012000F0B8FC0446204880F8215015
:1050900080F822400198B0F5803F02D34FF6FF70B0
:1050A00000E00198194988840098B0F5803F02D348
:1050B0004FF6FF7000E000981449C8840DB9012034
:1050C00000E000201149C8770CB9012000E0002061
:1050D0000E4981F820000846C07F18B9084690F8AC
:1050E000200008B1012000E00020084988772DB990
:1050F000BDF80C004880BDF80C0008801CB9BDF854
:105100000800024988807FBD1E000020A8060020FC
:105110002DE9F04188B001F09BFF044601F09CFFAF
:105120000546A0680490A8680390FCF70BFF0646AC
:105130003B48006808B9142002E039480068301A7A
:1051400007463748066037480078C8B94FF4FA7008
:1051500001F0FFFC00F0D0FC01F0C8FF00F032FECF
:1051600001F086FF00203049C1F8AC00C1F8B00062
:10517000C1F8B40001202B4908702B4981F8800048
:10518000FFF748FD2948B0F9000060802848B0F9D1
:105190000000688027480078012800D100E0002046
:1051A0002449097809B9012100E0002103AB04AAD0
:1051B000CDE900102946204601F0AEFF1D480078D9
:1051C00080F001001B490870FFF7DCF950B1FFF7D0
:1051D000B7F98046012342460097DDE9031000F04D
:1051E00027FE04E03A46DDE9031000F015FE6846AC
:1051F00000F0E0FD9DE8070005AB07C30A490598EC
:10520000C1F8AC000698C1F8B000FFF7BBF918B9B7
:1052100005490798C1F8B40008B0BDE8F081000066
:105220002400002018000020A80600201400002000
:10523000160000202800002008B508490968C908A0
:105240004FF47A72B1FBF2F14143009100BF00BF0D
:1052500000994A1E00920029F9D108BD08010020DA
:1052600000BF142001F075FCFBE7000010B500BF83
:10527000502080F31188BFF34F8FBFF36F8F00BFB3
:1052800002F02CFF18B14FF080500449086000BFB5
:10529000002080F3118800BF10BD000004ED00E085
:1052A00000B593B0282109A8FBF783F8142104A8BE
:1052B000FBF77FF8002000900190029003900120FE
:1052C000099000040A9000200B9001200D9002200C
:1052D0001090C10311914FF4E011129109A8FDF74C
:1052E00091FD08B1FBF704FC0F200490022005900B
:1052F000002006904FF48060079000200890022163
:1053000004A8FDF739FC08B1FBF7F2FB022000907E
:10531000800302906846FDF797FB08B1FBF7E8FBB6
:1053200013B000BD7047000010B50248FEF729F920
:1053300010BD0000B004002010B50248FEF721F9AE
:1053400010BD0000F804002010B50248FEF719F95E
:1053500010BD00006006002010B502681C4B98428A
:1053600008D0B0F1804F05D01A4B984202D01A4BAA
:10537000984203D122F070024B681A43144B9842B2
:1053800008D0B0F1804F05D0124B984202D0124B9A
:10539000984203D122F44072CB681A4322F0800372
:1053A0004C6943EA040202608B68C3620B68836243
:1053B000074B984201D10B690363012343610369E1
:1053C00003F001031BB1036923F00103036110BD66
:1053D000002C0140000400400008004030B501F0FE
:1053E0001F05012404FA05F3046A9C430462046A5D
:1053F00001F01F0502FA05F52C43046230BD30B5FB
:105400000C46816821F47F4142EA03252543294364
:10541000816030BD0A46816821F0700142F00703C7
:10542000194381607047000030B5026A056A25F0B3
:10543000010505624368846924F0700424F00304C4
:105440000D682C4322F002028D682A430D4DA842BC
:1054500006D100BF22F00802CD682A4322F00402E0
:10546000084DA84207D123F4807323F400734D69DB
:105470002B438D692B43436084614D684563026211
:1054800030BD0000002C014030B5026A056A25F0ED
:10549000100505624368846924F4E04424F44074F0
:1054A0000D6844EA052422F020028D6842EA0512C4
:1054B0000E4DA84207D100BF22F08002CD6842EA1B
:1054C000051222F04002094DA84209D123F480635D
:1054D00023F400634D6943EA85038D6943EA85033C
:1054E000436084614D688563026230BD002C0140D9
:1054F00030B5026A056A25F4807505624368C4699F
:1055000024F0700424F003040D682C4322F400728C
:105510008D6842EA05220F4DA84207D100BF22F450
:105520000062CD6842EA052222F48062094DA84259
:1055300009D123F4805323F400534D6943EA051342
:105540008D6943EA05134360C4614D68C563026217
:1055500030BD0000002C014030B5036A056A25F417
:10556000805505624468C26922F4E04222F4407228
:105570000D6842EA052223F400538D6843EA05339F
:10558000064DA84204D124F480444D6944EA8514B0
:105590004460C2614D680564036230BD002C014067
:1055A00030B50B461446026A056A25F0010505620E
:1055B000816921F0F00141EA041122F00A021A4344
:1055C0008161026230BD30B50B461446026A056A3D
:1055D00025F010050562816921F4704141EA04312A
:1055E00022F0A00242EA03128161026230BD70B56E
:1055F00005466C6A0020E085E0842046FEF7E4F969
:1056000070BD00BF00BF02680C3252E8002F22F4C8
:10561000907102680C3242E80013002BF3D100BFF6
:1056200000BF00BF0268143252E8002F22F00101CF
:105630000268143242E80013002BF3D100BF016B63
:1056400001290ED100BF00BF02680C3252E8002FC2
:1056500022F0100102680C3242E80013002BF3D153
:1056600000BF202180F8421000210163704710B56F
:1056700004462068C06820F040002168C8602020EF
:1056800084F841002046FEF723FD002010BDF8B548
:10569000044694F84200222875D1A068B0F5805FD6
:1056A0000CD1206950B90025A66A20684068C0F373
:1056B00008003080A06A801CA06215E0A56A002660
:1056C000A068B0F5805F03D0A06828B9206918B938
:1056D00020684068287004E02068406800F07F007F
:1056E0002870A06A401CA062E08D401E80B2E08558
:1056F000002846D12068C06820F020002168C860DA
:105700002068C06820F480702168C8602068406903
:1057100020F0010021684861202084F84200002028
:105720006063206B012826D10020206300BF00BFEA
:1057300021680C3151E8001F21F0100021680C3164
:1057400041E80002002AF3D100BF2068006800F0A1
:10575000100010280AD100BF0020009020680068C7
:10576000009020684068009000BF00BFA18D2046D7
:10577000FEF729F902E02046FEF718FC0020F8BDEC
:1057800001E00020FBE70220F9E7000070B50446C5
:105790002168096921F44051E268114322681161CE
:1057A0002269A1681143626941EA02052168C9685A
:1057B00041F20C62914329432268D1602168496912
:1057C00021F44071A2691143226851612D4A216878
:1057D000914202D1FDF7CEFA01E0FDF7BBFA00EBF2
:1057E000C00101EB001162689200B1FBF2F100EB25
:1057F000C00202EB001263689B00B2FBF3F2642369
:10580000B2FBF3F202EBC20303EB0212A1EB820143
:10581000322202EB01116422B1FBF2F101F0F0013E
:1058200000EBC00202EB001263689B00B2FBF3F2D4
:105830006423B2FBF3F201EB021200EBC00101EBB7
:10584000001163689B00B1FBF3F100EBC00303EBB5
:1058500000136668B600B3FBF6F36426B3FBF6F3F9
:1058600003EBC30606EB0313A1EB8301322303EB27
:1058700001116423B1FBF3F101F00F01114422681F
:10588000916070BD0038014010B5034699629A8559
:10589000DA8500205864222083F84200186928B174
:1058A0001868C06840F480701C68E060186840693F
:1058B00040F001001C6860611868C06840F020007A
:1058C0001C68E060002010BD014691F841002128CD
:1058D00028D18868B0F5805F0BD1086948B90A6A99
:1058E0001088C0F308000B685860086A801C0862C2
:1058F00005E00B6A581C086218780B685860C88C61
:10590000401E80B2C88458B90868C06820F0800082
:105910000B68D8600868C06840F040000B68D86029
:10592000002070470220FCE72DE9F84304460D46AD
:1059300017469846089E31E0701C70B3FCF702FBD6
:10594000A0EB0800B04200D816B90320BDE8F883E8
:105950002068C06800F00400F8B1802D1ED0402DF2
:105960001CD020680068C0F3C000B0B100BF0020A8
:10597000009020680068009020684068009000BF98
:1059800000BF2046FFF73DFE0820606400BF0020F6
:1059900084F8400000BF0120D8E7FFE720680068D6
:1059A0002840A84201D1012000E00020B842C3D025
:1059B0000020CBE710B50E48007800B110BD0024E0
:1059C0000EE004EB44010B4A02EB810002F064F8A4
:1059D00004EB4401074A02EB810002F063F8641C07
:1059E000022CEED301200249087000BFE6E7000058
:1059F0008C000020740000202DE9F84306468846FC
:105A0000144655200090022E02D2B8F1000F02D1A8
:105A10000420BDE8F883FFF7CDFF304601F0F2FF28
:105A200005460DB90420F4E7284602F035F816487B
:105A300050F82600401C144941F826006423012236
:105A400069462868FEF7C8FA20B10CB10020206032
:105A50000320DEE76421284602F038F820B90CB1B3
:105A6000E87A20600120D4E72F890CB1E87A206021
:105A7000142F03D341F29410874201D90220C8E7C2
:105A8000A8F800700020C4E7A800002010B5024864
:105A9000FEF700F810BD00008805002010B5024890
:105AA000FDF7F8FF10BD0000D005002010B502483A
:105AB000FDF7F0FF10BD00001806002010B50448E7
:105AC000406B401C024948630248FBF7FAFC10BDDA
:105AD000F80300203404002000BFFEE770B5044640
:105AE0000D46002229462046FAF728FF70BD000027
:105AF000004870479410002010B50D210148FAF7B6
:105B000036FC10BD941000200C48007818B10B48EA
:105B10000079032801D20020704708480079401E10
:105B20000649491D085C6B2801D00020F4E70348B2
:105B3000C07808B90120EFE70020EDE794100020BD
:105B400070B504460D462946204602F06DFC70BD36
:105B500000B5FFF7CDFF014639B1087828B10879C3
:105B6000072802D34879362801D0002000BDC87923
:105B70000306087A43EA0043487A43EA00208B7A16
:105B800040EA0302887900B152421046EEE700B5C0
:105B9000FFF7AEFF014639B1087828B1087905282A
:105BA00002D34879352801D0002000BD0B7AC8798E
:105BB00043EA0022887900B1524210B2F5E70000B2
:105BC00070B50446204602F0CDFD0646034902F0BA
:105BD000EBFC0546024902F025FE70BD00FF7F4741
:105BE0000000B44370B505460C4616460F21284602
:105BF000FAF7BCFE32463621284600F075F808B99F
:105C0000002070BD14B1FFF7A3FF206007213620EC
:105C100002F08AFBF5E770B505460C4616460E21E4
:105C20002846FAF7A3FE32463521284600F05CF8F4
:105C300008B9002070BD14B1FFF7A9FF208005212D
:105C4000352002F071FBF5E770B505460C4602F011
:105C500093FB2846FAF71AFF22460E21284602F047
:105C6000A7FB064602F096FB304670BD70B50446B1
:105C70000D460020044981F8240004490870294693
:105C80002046FAF70FFD70BDF803002094100020A5
:105C90002DE9F84380460C4616464FF00009002CCB
:105CA00004DA4FF00109604285B202E04FF00009CA
:105CB000A5B241F28830854200D905460948076BF4
:105CC000002033462A46494600904046FAF7F0FE47
:105CD0000448006BB84202D10120BDE8F8830020DF
:105CE000FBE70000F80300202DE9F04105460E46D1
:105CF0001446FCF727F9074621E0144890F82400E1
:105D000058B10020114981F824003146284602F09C
:105D100079FB10B10120BDE8F0810CE0FAF79AFCA4
:105D20003146284602F06EFB28B10020074981F871
:105D300024000120EFE7FAF785FC0028EED1FCF7FC
:105D400001F9C01BA042D8D30020E4E7F8030020EB
:105D500070B504460D46FCF7F5F8064616E0FAF76E
:105D600079FC0E4890F8240080B10D48007848B1C5
:105D70000B484078A04205D10020084981F8240052
:105D8000012070BD0020054981F82400FCF7DAF8F5
:105D9000801BA842E3D30020F3E70000F8030020B3
:105DA0009410002000BFFFF7B3F9052000F0D1FEEA
:105DB000F9E70000024B0ECB80E80E0070470000B0
:105DC000A410002000B500F001F800BD0020064935
:105DD0000860486088600549086005490860054911
:105DE0000860054908707047A410002034000020A6
:105DF0002C0000203000002038000020034A1060F2
:105E0000034A11600122034B1A7070472C000020D6
:105E10003000002038000020F8B505460E46144634
:105E200000231A4631462846009400F001F8F8BDD8
:105E30002DE9FE4F05460E46144698465348007815
:105E400078B9534805605348066001204F490870EF
:105E5000B8F1000F03D05048846050480460BDE89A
:105E6000FE8F4B490968681A02F0B2FA029049495C
:105E70000968711A484202F0ABFA01904448056083
:105E800044480660DDE9011002F01AFB83464FF03A
:105E90007C5102F0C7FC8146B8F1000F37D03F4873
:105EA0000168204602F07EFE834602F0E9FA0746CA
:105EB0004FF07C51384602F0B5FC83463748016804
:105EC000584602F0FDFA8246504600F093FA4946E1
:105ED000009002F0A7FC83462F480168584602F064
:105EE000EFFA2D490860504601F09CFC49460090AD
:105EF00002F098FC834628484168584602F0E0FAD0
:105F00002549486008468460244804603CE0DDE997
:105F1000010102F047FE8346214902F045FB074696
:105F20004FF07C51384602F07DFC83461A48816868
:105F3000584602F0C5FA8246504600F05BFA4946E0
:105F4000009002F06FFC834613480168584602F047
:105F5000B7FA11490860504601F064FC49460090C8
:105F600002F060FC83460C484168584602F0A8FAEB
:105F7000094948608868394602F0A2FA06498860F3
:105F8000084680680549086000BF68E738000020BF
:105F90002C00002030000020A4100020340000203D
:105FA000EC51383E4100080218BF04200A0E18BF09
:105FB00040F001004FF07F4232EA010108BF40F09B
:105FC0000200012808BF0520704700000248006851
:105FD000C0F30220704700000CED00E010B500286F
:105FE00004DB0A07130E054A135406E00A07140ED1
:105FF000034A00F00F031B1FD45410BD00E400E05F
:1060000018ED00E0012102F074BE02F059BA00213F
:10601000084602F0C9BA6FF05E01080702F069BED7
:106020002DE9F04D0D4614464FF07F41B1EB440F82
:106030009EBF4FF0FF312960BDE8F08D4FF000406A
:1060400040EA0421C4F3C750783810F01F024A4BCD
:106050004FEA601CC2F120067B44C4F3C750A0F194
:1060600078004FEA601003EB800053F82C3008BF33
:10607000D0E901C612D0D0F804C093402CFA06F73C
:106080003B4387680CFA02FC27FA06F8C06807FA57
:1060900002F2F0404CEA080C42EA0006A3FB01328F
:1060A000ACFB01C0A6FB016101EB0C068E4234BFC4
:1060B0004FF0010C4FF0000CC1186144BCF1000F0F
:1060C00002D0814202D903E0814201D2012000E0E6
:1060D0000020104400F120024FEA92188006CA0CFA
:1060E00040EA42304F03C5F8008002F03BFB824695
:1060F000384602F04FFB6FF0120102F0FAFD07463E
:10610000304602F047FB6FF0250102F0F2FD8346B6
:106110003946504602F0D4F9594602F0D1F900F55B
:1061200000666FF30B065146304602F03BFD3946E0
:1061300002F038FD594602F0A3FC104902F072FB50
:1061400007460F49304602F06DFB394602F0B8F9B8
:1061500007460C49304602F065FB394602F0B0F9BB
:1061600014F0004F08BFBDE8F08DC8F1805180F0F9
:1061700000402960BDE8F08DEC2D0000DB0FC92F39
:1061800022AAFD290000C92F2DE9F0474FF06842EF
:1061900002EB40030C460546B3F1654F3CBF02EBF2
:1061A0004102B2F1654F7CD2C0F3C753C1F3C7526D
:1061B0009A1A1B2A06DD10F0004F14BF7648774864
:1061C000BDE8F08712F11A0F17DA11F0004F06D070
:1061D00010F0004F0CBF72487248BDE8F0872146AE
:1061E000284602F0E1F90446FFF7DCFE042808BF68
:1061F000FFF711FF2046BDE8F0874200B2EB410FE8
:1062000025D910F0004F19BF674F684E684F694E8F
:10621000224685F0004415460A4680F000411046AB
:106220000A1A5200B2F1807F40D248406249DFF83A
:106230008CA110F0004F18D04FF03F48384602F0C4
:10624000B1FC07465146304602F0ACFC17E011F0B5
:10625000004F04BF00263746E2D010F0004F19BFB0
:10626000574F584E584F594EDAE74FF07C58384642
:1062700002F026F907465146304602F021F906465B
:106280004146284602F0CEFA214602F019F982462C
:106290002146404602F0C6FA294602F0F1FB51467B
:1062A00000E037E002F080F9044604E02146284689
:1062B00002F07AF90446014602F0B4FA80464449F5
:1062C00002F0B0FA434902F0FBF8414602F0AAFAA4
:1062D000414902F0F5F8414602F0A4FA3F4902F0C4
:1062E000EFF8414602F09EFA3D4902F0E9F8054612
:1062F0004146204602F096FA294602F093FA3146CA
:1063000002F0DEF8214602F0DBF83946BDE8F0473E
:1063100002F0D6B84FF07F42B2EB400F28BFB2EB8D
:10632000410F03D2BDE8F047FFF76FBE40EA01031B
:106330005B0008BF44F0FF410AD0B2EB400F08BF3A
:10634000B2EB410F06D125F0804024F08041054694
:106350000C4629E7B2EB400F12BF5FEA410245F05D
:10636000FF4004F000413FF41FAF4A0092EA4003AF
:106370003FF51AAF002AACBF4FF09F464FF03E5694
:10638000314602F04FFA05463146204602F04AFAFD
:1063900004462846214607E7DB0FC9BFDB0FC93F8C
:1063A000DB0F4940DB0F49C00000C9BF22AAFDB97D
:1063B0000000C93F22AAFD390060ED3EC30ACE3776
:1063C000000049C022AA7DBA0000494022AA7D3AB5
:1063D0002DAD65BD8FB8D53D0FB511BE61C84C3E22
:1063E000A8AAAABE00BFFEF733FE642000F0B1FBEE
:1063F000F9E700002DE9F843044602464F48694694
:10640000B0EB420F09D94FF0E640B0EB420F94BF1A
:1064100000204FF0FF30009030E0494B22F0004068
:10642000834271D94749204602F0FCF902F0F8FA9C
:10643000804602F07BF900F003000090424940469C
:1064400002F0F0F905464149404602F0EBF90646F4
:106450003F49404602F0E6F907463E49404602F011
:10646000E1F9214602F00CFB394602F09BFB314674
:1064700002F098FB294602F095FB04462546009C55
:10648000002C45DB294614F0010F08461CD002F011
:10649000C9F90646304902F0C5F9304902F0F0FA70
:1064A000314602F0BFF92E4902F00AF8314602F0F7
:1064B000B9F9294602F0B6F9294602F001F814F0BC
:1064C000020F1CD0BDE8F88302F0ACF9054625495F
:1064D00002F0A8F9244901F0F3FF294602F0A2F9DD
:1064E000224901F0EDFF294602F09CF94FF07E5160
:1064F00001F0E6FF14F0020F08BFBDE8F88380F05A
:106500000040BDE8F883FFE71046FFF789FDB4E7D8
:106510006800B0F17F4F3CBF4FF07E50BDE8F8837C
:1065200007D14FF00100F9F773FFBDE8F843FFF71B
:106530006EBD2846BDE8F843FFF764BDB61F927EE6
:10654000490E494683F9223F1A61342C0020A233B8
:1065500000A0FD390000C93F336D4C39DA82083C98
:10656000A0AA2ABEB93AB2BACA9F2A3DDDFFFFBE31
:1065700010B500200749086007490860074908600E
:1065800000F01AF80649087000F03EF80548FCF7DC
:1065900035FF10BD3C0000204000002044000020DA
:1065A00048000020F8040020024641EA8200014B26
:1065B00018567047FC8D000870B501210A48FBF79A
:1065C000B3FC012800D100E0002004460221064867
:1065D000FBF7AAFC012800D100E00020054645EAAF
:1065E0004400C0B270BD0000000801400020034913
:1065F0000860034908600349086070475C00002098
:106600006000002064000020002003490860034966
:1066100008800349086070474C00002050000020AB
:106620005400002000BFFEF777FC142000F091FA20
:10663000F9E700002DE9F04706461F48006800F022
:106640003DFA81464946304600F0BEF904463046E0
:1066500000F008F982460021504602F0AFF805D854
:106660001548006815490860BDE8F08724F0004827
:106670001349404602F0A2F904D20F4800680F49BE
:106680000860F1E70F4800780F2801D30E4800E0BA
:106690000E4807463946504602F0C4F88046214667
:1066A00002F0C0F8054629460348006801F008FFDB
:1066B0000249086000BFD7E7C0000020C4000020E6
:1066C0000000F041D0000020CDCC4C3E8FC2753D83
:1066D0002DE9F04F87B04FF00008C146002600209A
:1066E0000690002700244C4908704C4908604C492A
:1066F00008604C4908604FF4487000F02AFA002501
:1067000048E00020059004900390029002AB03AA99
:1067100004A905A800F0FAF8002834D040460599ED
:1067200001F0CEFE80464846049901F0C9FE81463C
:106730003D49039802F076F83C49019001F034FF9E
:10674000834601F06FF88246314601F0B9FE0646F5
:106750003549039802F066F83449019001F024FFAE
:106760008346FFF747FE8246069901F0A9FE069090
:106770004FF07E50029902F055F88246394601F0FA
:106780009FFE0746641C681C282802D20A2000F0DD
:10679000E0F96D1C282DB4D3202C03D2002007B0C3
:1067A000BDE8F08F204601F0F5FF82465146404695
:1067B00001F0FAFE19490860204601F0EBFF82461D
:1067C0005146484601F0F0FE1549086030460699EA
:1067D000FFF7DAFC8346154902F024F88246124995
:1067E00001F0E2FE0F490860204601F0D3FF824627
:1067F0005146384601F0D8FE0D49086000200D4989
:106800000860FBF79FFB824600F0CAF801200249AE
:10681000087000BFC3E70000D1000020B0000020D6
:10682000B4000020B8000020DB0F494000003443D2
:10683000C8000020BC00002070B5044604B970BD3B
:106840000748006860640648006800F037F90546AC
:10685000A5642946E06B00F0B7F8E06400BFEEE7FE
:10686000C000002070B5044624F0004508492846C1
:1068700002F0A4F801D8002070BD0549284601F0B7
:1068800093FE06464FF07E5102F0FAF8F4E700005E
:1068900000003442014608784A7840EA022000B2FB
:1068A000704700003EB504460D4604B10DB9002006
:1068B0003EBD322001233422A021CDE900450290C3
:1068C0000348FBF727FD08B90120F1E70020EFE7B7
:1068D0005C04002010B50348FBF73AFBFEF766F8AE
:1068E00010BD00005C04002070B50446204601F095
:1068F00039FF06464FF08E4101F056FE054602492B
:1069000001F090FF70BD0000000034432DE9F04F0E
:1069100089B004460D4616461F461C2102A8F9F709
:1069200048FD14B10DB106B11FB9002009B0BDE892
:10693000F08F1A2102A8FFF7B5FF08B90020F5E78C
:106940000DF11A00FFF7A6FF814607A8FFF7A2FF87
:1069500082460DF11E00FFF79DFF83460DF11200E8
:10696000FFF798FF01904846FFF7BEFF20605046B2
:10697000FFF7BAFF28605846FFF7B6FF306001986E
:1069800001F0F0FE4FF08E41009001F00DFE8046C8
:10699000024901F047FF38600120C7E70000FA44D0
:1069A0000021054A1160054A11600549086000216F
:1069B000044A117070470000C0000020C40000208D
:1069C000CC000020D000002070B504460D462946BA
:1069D000204602F0E7F8064600F070F870BD0000AF
:1069E0002DE9F05F80460C462D48006818B92C4808
:1069F0000460BDE8F09F2A480068251A2848046012
:106A000005B9F6E7C82D00D9C825284601F0C2FE11
:106A10008146244901F0C8FD07464FF07E514046AB
:106A200001F000FF064626F000491F49484601F0E4
:106A3000C5FE09D21D480078FF2808D21B480078FF
:106A4000401C1A49087002E00020184908701748D5
:106A500000780F2810D316480168304602F0A2F8DB
:106A60008346144901F0DEFE81461148016848461C
:106A700001F026FD0E4908600D480168304602F01D
:106A800091F882463946504601F0CCFE81460A48CC
:106A90000168484601F014FD0749086000BFA8E7F7
:106AA000CC00002000007A4400002040D0000020EC
:106AB000C80000200AD7A33CC000002010B504463F
:106AC00004E00B49204602F06DF8044609492046CF
:106AD00001F074FFF5D304E00549204601F0F0FC15
:106AE00004460549204601F069FEF5D3204610BD55
:106AF0000000B44300003443000034C3FBF726FE1B
:106B0000FEF7CEFBFDF702FFFDF792FEFDF74EFF0D
:106B1000FDF7D6FFFEF726F8FDF75AFEFDF79CFFBE
:106B2000FDF762FFFEF73AF8FEF754F8F9F762FD59
:106B3000F9F72AFEFEF7D4F8FDF79CFE00F015F8F1
:106B400000BFFEE701460020842901D0CA1C104482
:106B5000704770B5044625460DB1294600E0012175
:106B6000084601F0CDF8002070BD10B501F0F6F830
:106B7000002010BD7FB504460D46606998B1A0693C
:106B800088B1B4F90800FFF7DDFF0646D4E9051027
:106B9000CDE9006102902B462269D4E9001001F092
:106BA0003FFA039013E0B4F90800FFF7CBFF064665
:106BB00003A8CDE90060238A9AB22B46D4E90010DD
:106BC00001F0FCF9012802D0002004B070BD039848
:106BD000FBE700002DE9F04F87B004468A461746D0
:106BE00098465146606901F0DDFF06903946A0697C
:106BF00001F0D8FF05900599084601F013FE0290B8
:106C00000699084601F00EFE0190029901F058FC29
:106C1000834600F0CBFE04902649049801F0CEFD97
:106C200009D200202449087024490880244908809A
:106C300007B0BDE8F08FDDE90501FFF7A5FA039085
:106C40004146039801F0AEFF834600F0E1F90546A6
:106C5000D4F804900021484601F0B0FD01D8DFF8D7
:106C6000649025F0004B1849584601F0A7FE1AD24F
:106C7000E6680021304601F0A1FD00D8134E002146
:106C8000284601F09BFE02D84FF07E5000E01048ED
:106C900083465946304601F0C5FD06463146002080
:106CA00000F02CF9C4E70021484600F027F900BFA6
:106CB000BEE70000CDCC4C3DE900002014000020D0
:106CC00016000020CDCC4C3E0AD7A33DCDCC4C3F86
:106CD000000080BF2DE9F0410446A06800F038F9BB
:106CE0008046616801F09EFD07464FF0824101F049
:106CF00099FD0546206900F02BF98046E16801F016
:106D000091FD07464FF0814101F08CFD064631466A
:106D1000284600F0F3F8BDE8F08100002DE9F041CD
:106D200004460D46D4F8AC00294600F087F8D4F8A4
:106D3000B000291D00F082F8606E05F1080100F036
:106D40007DF8E07F18B1608801F024FD00E00B4879
:106D5000064694F8200018B1A08801F01BFD00E061
:106D60000648074605F10C01304600F067F805F1CA
:106D70001001384600F062F8BDE8F081000080BFE5
:106D800008B5014608788DF8000048788DF80100B4
:106D900088788DF80200C8788DF80300009808BD47
:106DA00070B50546284601F0C1FC04B2B4F57A7FFF
:106DB00002DD4FF47A7403E014F57A7F00DA024CB6
:106DC0002046FEF79FF870BD18FCFFFF30B5024665
:106DD0000B464FF6FF70002117E0555C80EA052056
:106DE00000240EE000F400452DB141F2210585EAB2
:106DF0004005A8B203E04FF6FF7505EA4000651CA8
:106E0000ECB2082CEED34D1CA9B29942E5DB30BDA3
:106E100010B500200549088005490880054908701B
:106E2000FEF770F800200449087010BD140000201F
:106E300016000020E9000020D010002008B50090C6
:106E40009DF800200A709DF801204A709DF80220EC
:106E50008A709DF80320CA7008BD000010B5FBF7CA
:106E600071F804460648006808B9002010BD0448BF
:106E70000068201AC82801D80120F7E70020F5E7AC
:106E8000F80000202DE9F0410646134C0021204671
:106E900001F094FC02D80020BDE8F0812146304684
:106EA00001F082FB07460D4901F0BCFC05460C4988
:106EB000284601F083FD02D247F6FF70ECE74FF061
:106EC0004741284601F07AFC01D20648E4E728460B
:106ED00001F02CFC00B2DFE7B33C883E00007042BA
:106EE00000FEFF460080FFFF0020024908700249B3
:106EF00008707047D5000020D80000202DE9F04729
:106F000004460D46DFF83C804146284601F08AFCE5
:106F10008146214601F0B4FD06464146284601F06F
:106F200081FC8146214601F0CBFA07463046FFF747
:106F3000A9FF054908803846FFF7A4FF03490880E8
:106F4000BDE8F087EC51B83D140000201600002089
:106F500010B504464FF07C51204601F02FFD02D8B9
:106F60004FF07E5010BD0148FCE70000000080BFDC
:106F700010B5012203490448FDF702F808B1FFF7F4
:106F8000B3FF10BDD40000208805002010B50446D2
:106F90002046FFF7F5FE1B494860201DFFF7F0FE75
:106FA0001849886004F10800FFF7EAFE1549C86037
:106FB00004F10C00FFF7E4FE1249086104F110002F
:106FC000FFF7DEFE0F49486104F11400FFF7D8FE19
:106FD0000C49886104F11800FFF7D2FE0949C86125
:106FE00004F11C00FFF7CCFE06490862012008707E
:106FF000FAF7A8FF0449086004480068401C0349E8
:10700000086010BDD0100020F8000020DC00002037
:1070100010B5044604E00B49204601F0C3FD0446C8
:107020000949204601F0CAFCF5D304E00549204691
:1070300001F046FA04460549204601F0BFFBF5D3AE
:10704000204610BDDB0FC940DB0F4940DB0F49C0B4
:10705000004870472C070020004870474007002078
:107060000246012A02D1484200B270470846FCE7B6
:107070002DE9F041FFF7ECFF0446FFF7EDFF054671
:107080000026002720781E21FEF7DEFD28781E212D
:10709000FEF7DAFD20780121FEF720FD20781E2181
:1070A000FEF756FE207428780121FEF717FD287898
:1070B0001E21FEF74DFE2874204600F084F800B132
:1070C000A668284600F07FF800B1AF68FEF77EFEA4
:1070D00039463046FEF792FEBDE8F081017000228D
:1070E000428082808260C2600274704710B5FFF7F0
:1070F000AFFF04460221FFF7F1FFFFF7ADFF0446A3
:107100000121FFF7EBFF10BD0246012A02D14842E0
:1071100000B270470846FCE72DE9F04707460C46E9
:1071200015461E46DDE908890020F9F71DFBF9F731
:1071300053FA00200E4981F82400384600F05AF82E
:10714000204600F057F842462946384600F012F82B
:107150004A463146204600F00DF8F9F73DFA002086
:10716000034981F824000120F9F7FEFABDE8F08711
:10717000F80300207CB504460D4616460020019019
:10718000009020781E226946FEF72CFD58B1009829
:10719000A0600098FEF714FDE0600120207425B186
:1071A0000098286001E0002020745EB120781E2243
:1071B00001A9FEF730FD28B12078BDF90410FFF7D2
:1071C0004FFFA0807CBD38B5044600200090207899
:1071D0001E226946FEF706FD40B10098A0600098A7
:1071E000FEF7EEFCE0600120207438BD0020207422
:1071F00000BFFAE770B5044600250FE0B4F90210AD
:107200002078FFF781FF064609490A782078314641
:10721000FEF73EFD00B103E0681CC5B2022DEDD3C0
:1072200000BF20781422F621FEF75EFD70BD00003D
:107230002A0000202DE9F04105460E461C4807684B
:107240001C480068001D00F055FC50B91948006842
:1072500090F82C100120884017490968814316488E
:107260000160681C38B936B112480168091D13481D
:1072700000F08BFC1AE07C190E4800684460BC42A8
:1072800007D20C480168091D0D48006800F063FC36
:107290000CE008480168091D0A48006800F05BFC22
:1072A00009480068844201D207480460BDE8F081C3
:1072B000200100200C01002024010020EC110020FE
:1072C00014010020100100203C01002010B50446EC
:1072D00000F068FC23480068401C224908602248EE
:1072E000006840B9204804600846006801280DD1B4
:1072F00000F03EF90AE01D48006838B91A480068F5
:10730000C06AE16A884201D81748046018480068DA
:10731000401C1749086094F82C100120884015493A
:107320000968084313490860E16A01EB8101124AC8
:1073300002EB8100211D00F028FC00F05DFC0B48F1
:10734000006868B108480068C06AE16A884207D2EC
:107350004FF0805009490860BFF34F8FBFF36F8F24
:1073600010BD00001C0100200C010020280100209D
:1073700038010020240100201011002004ED00E05D
:1073800010B516E000F00EFC0C48C068C468201D63
:1073900000F0B0FB0A480068401E0949086009482F
:1073A0000068401E0749086000F026FC204600F0F7
:1073B0000BF8044800680028E4D110BDD811002063
:1073C0001C0100201801002010B5044694F851005B
:1073D00030B9206B00F02EFC204600F02BFC1AE0A8
:1073E00094F85100012803D1204600F023FC12E05C
:1073F00094F85100022801D1012000E0002050B98A
:1074000000BF502080F31188BFF34F8FBFF36F8F01
:1074100000BF00BFFEE710BD30B54FF40053174862
:1074200000F007042CB1C01D20F00700134C041B12
:107430001B1B0246124C22600024114D6C60D018B8
:10744000083820F007000F4C206000240D4D2D68F7
:107450006C600C4D2D682C601146441A4C60094C30
:1074600024680C60084D4C682C60084D4C682C60FA
:107470004FF00044064D2C6030BD0000001200208B
:107480004801002050010020580100205401002034
:107490006401002000BFFFF773FF06480068012861
:1074A000F9D94FF0805004490860BFF34F8FBFF304
:1074B0006F8FF0E71011002004ED00E02DE9FF5F71
:1074C00081460E469246DDE90E7B109CAAF1010032
:1074D000216B01EB800828F0070808F0070008B9C5
:1074E000012000E0002050B900BF502080F3118837
:1074F000BFF34F8FBFF36F8F00BF00BFFEE786B1B2
:10750000002507E0715D04F134004155705D00B95C
:1075100002E06D1C102DF5D300BF00214320015562
:1075200002E0002084F83400072F00D30627E7622A
:1075300067640020A064201D00F00AFB04F118001D
:1075400000F006FB2461C7F10700A061646200201F
:10755000E06484F8500049464046039A00F050F930
:107560002060BBF1000F01D0CBF80040BDE8FF9FC9
:1075700010B5002407E004EB84010F4A02EB810000
:1075800000F0D9FA641C072CF5D30C4800F0D3FAAC
:107590000B4800F0D0FA0B4800F0CDFA0A4800F092
:1075A000CAFA0A4800F0C7FA0448094908600448C2
:1075B0000849086010BD0000101100209C11002037
:1075C000B0110020C4110020D8110020EC110020BF
:1075D000100100201401002010B50146164800E0FB
:1075E000006803688B42FBD30246436813448B4216
:1075F00004D143684C682344436001460A464B6803
:1076000013440468A34211D10C4C03682468A342BC
:1076100008D04B680468646823444B6003681B68A7
:107620000B6005E0054B1B680B6001E003680B6015
:10763000884200D0016010BD4801002050010020A8
:107640000A490968096809B9012100E0002121B14E
:107650004FF0FF31064A116006E004490968C96825
:10766000C868034A4168116070470000100100209B
:107670003C0100200E480068401C08B9012000E0D1
:10768000002050B900BF502080F31188BFF34F8F06
:10769000BFF36F8F00BF00BFFEE700BF502080F335
:1076A0001188BFF34F8FBFF36F8F00BF00BFFEE79E
:1076B000680100202DE9F04104464FF0000800F079
:1076C000A5FB4948006808B9FFF7A6FE47480068CF
:1076D0002040002870D1D4B1083404F00700B0B1C4
:1076E00004F00700C0F10800044404F0070008B9E2
:1076F000012000E0002050B900BF502080F3118825
:10770000BFF34F8FBFF36F8F00BF00BFFEE7002CAA
:1077100052D03748006884424ED8364E304605680D
:1077200001E02E462D686868A04202D22868002831
:10773000F7D12D48006885423ED0306800F1080836
:10774000286830606868001B102819D92F1907F0C5
:10775000070008B9012000E0002050B900BF502008
:1077600080F31188BFF34F8FBFF36F8F00BF00BF4F
:10777000FEE76868001B78606C603846FFF72CFFF6
:107780001B4968680968081A1949086008460068B2
:1077900019490968884203D21548006816490860EB
:1077A0001249686809680843686000202860134827
:1077B0000068401C1149086000F034FD08F0070023
:1077C00008B9012000E0002050B900BF502080F32C
:1077D0001188BFF34F8FBFF36F8F00BF00BFFEE76D
:1077E0004046BDE8F0810000500100206401002007
:1077F0005401002048010020580100205C010020B5
:10780000001F4FF080730360001F21F0010303602D
:10781000001F034B036014380260203870470000DB
:10782000757600082DE9F843044602465248694639
:10783000B0EB420F09D94FF0E640B0EB420F94BFD6
:1078400000204FF0FF30009030E04C4B22F0004021
:10785000834271D94A49204600F0E4FF01F0E0F884
:10786000804600F063FF00F0030000904549404669
:1078700000F0D8FF05464449404600F0D3FF0646D5
:107880004249404600F0CEFF07464149404600F0DD
:10789000C9FF214601F0F4F8394601F083F9314679
:1078A00001F080F9294601F07DF904462546009C47
:1078B000002C45DB294614F0010F08461ED000F0CD
:1078C000B1FF0546334900F0ADFF334900F0F8FD44
:1078D000294600F0A7FF314900F0F2FD294600F0EB
:1078E000A1FF4FF07E5100F0EBFD14F0020F08BF36
:1078F000BDE8F88380F00040BDE8F88300F092FF17
:107900000646274900F08EFF264901F0B9F83146B6
:1079100000F088FF244900F0D3FD314600F082FFDB
:10792000294600F07FFF294600F0CAFD14F0020F3F
:10793000E0D1BDE8F883FFE71046FEF771FBB4E73E
:107940006800B0F17F4F09D22846FEF72BFB0428D0
:1079500008BFFEF760FB2846BDE8F88306D101208A
:10796000F8F756FDBDE8F843FEF751BB2846BDE8E1
:10797000F843FEF747BB0000B61F927E490E49460A
:1079800083F9223F1A61342C0020A23300A0FD3974
:107990000000C93FB93AB2BACA9F2A3DDDFFFFBE17
:1079A000336D4C39DA82083CA0AA2ABE70B5054670
:1079B00001F070F8044620F00040C0F1FF40C00F15
:1079C00008D025F00040C0F1FF40C00F04BF0120E7
:1079D000F8F71EFD204670BD024600210CE001EBC9
:1079E0004100074B53F82000904204D101EB4100C5
:1079F00003EB80007047491C0229F0D30020F9E70F
:107A0000740000200146022901D30020704701EBD9
:107A10004100024A02EB8000F8E7000074000020F9
:107A200001460348081A0C2290FBF2F0C0B27047DE
:107A30007400002070B504462046FFF7F1FF0546AC
:107A4000134850F82500401C114941F82500E07A00
:107A5000401CE0722179E279601D8154E079401C7C
:107A6000E071E07902280FD30020E071A0796179FC
:107A700040EA012020810120A072064850F825002C
:107A8000401C044941F82500204600F00BF870BD69
:107A900090000020980000200021C1718172C17205
:107AA0000181704770B504460122211D2068FCF752
:107AB00067FA40B12046FFF7B3FF034901EB8005A9
:107AC0002868401C286070BDA000002070B50446E6
:107AD0000D46FAF737FA064600BFA07A20B9FAF742
:107AE00031FA801BA842F8D3A07A08B1012070BDFA
:107AF0000020FCE701460A69D1E901309860D1E92C
:107B0000010358605068884201D1886850600020A5
:107B100008611068401E106010687047034B0360D6
:107B2000034B0B608023136070470000740100203A
:107B3000C8010020704700F1080141604FF0FF319B
:107B4000816000F10801C16001610021016070479E
:107B500000210161704710B502460B685C1C0CB92E
:107B6000106907E002F1080000E0406844682468FA
:107B70009C42FAD944684C604C68A16088604160BE
:107B80000A611468641C146010BD42684A609368FE
:107B90008B60936859609160086103685B1C0360A7
:107BA0007047000000BF502080F31188BFF34F8F53
:107BB000BFF36F8F00BF0E480068401C0C4908607F
:107BC00008460068012812D10A480068C0B208B906
:107BD000012000E0002050B900BF502080F3118840
:107BE000BFF34F8FBFF36F8F00BF00BFFEE770473B
:107BF0006801002004ED00E00D48006850B900BFA6
:107C0000502080F31188BFF34F8FBFF36F8F00BFF9
:107C100000BFFEE706480068401E054908600846A8
:107C2000006820B9002080F3118800BF00BF7047B2
:107C30006801002070B506463546002E44D0083D48
:107C40002C46224960680968084008B1012000E01C
:107C5000002050B900BF502080F31188BFF34F8F30
:107C6000BFF36F8F00BF00BFFEE7206808B9012097
:107C700000E0002050B900BF502080F31188BFF30E
:107C80004F8FBFF36F8F00BF00BFFEE70F496068E3
:107C900009680840C0B12068B0B90C49606809683B
:107CA0008843606000F0B2F80949606809680844D8
:107CB000074908602046FFF78FFC06480068401C13
:107CC0000449086000F0AEFA70BD000064010020B5
:107CD000540100206001002000204FF0E0210861E5
:107CE0008861064800684FF47A71B0FBF1F0401EDD
:107CF0004FF0E0214861072008617047080100202B
:107D000070B504460025D4B11248006808B90120B6
:107D100000E0002050B900BF502080F31188BFF36D
:107D20004F8FBFF36F8F00BF00BFFEE700F06EF80C
:107D300000212046FFF77EFA00F074FA05463DB9AF
:107D40004FF0805004490860BFF34F8FBFF36F8F2F
:107D500070BD00004401002004ED00E010B586B0C5
:107D600000200590049003AA04A905A8FFF7D6FEF9
:107D70000022DDE904101346CDE9002102901CA188
:107D80001D48039A00F04CF91C4908600846006839
:107D900008B1012400E00024012C15D100BF5020BF
:107DA00080F31188BFF34F8FBFF36F8F00BF4FF089
:107DB000FF30134908600120124908600020124971
:107DC000086000F07FF810E0601C08B1012000E0BE
:107DD000002050B900BF502080F31188BFF34F8FAF
:107DE000BFF36F8F00BF00BFFEE706B010BD0000FD
:107DF00049444C45000000009574000840010020F3
:107E00003C010020280100202001002002480068D9
:107E1000401C0149086070474401002010B5244807
:107E2000006818B101202349086040E00020214982
:107E300008602148006800681F490968096B88428A
:107E400005D81D48016834310068FFF773FE1B48F0
:107E50000068B0FA80F0C0F11F0101EB8100184A00
:107E600052F8200008B1012000E0002050B900BF06
:107E7000502080F31188BFF34F8FBFF36F8F00BF87
:107E800000BFFEE701EB81020D4B03EB820042686D
:107E90005268426000F108024368934202D142688E
:107EA000526842604268D268034B1A6000BF10BD3E
:107EB00044010020300100200C010020240100209A
:107EC000101100201CB53849084600780190FF20A9
:107ED0000A4610700846007800909DF8000000F0F7
:107EE000F0009DF80020904201D1012000E0002028
:107EF00050B900BF502080F31188BFF34F8FBFF3FC
:107F00006F8F00BF00BFFEE79DF8000000F050003B
:107F1000264A10700720264A106009E024480068AD
:107F2000401E234A10609DF800004006000E00909D
:107F30009DF8000000F080008028EFD01C48006809
:107F4000C0F10700042801D1012000E0002050B951
:107F500000BF502080F31188BFF34F8FBFF36F8FA6
:107F600000BF00BFFEE7124800680002104A106020
:107F70001046008800F4E06010600B4A0198107011
:107F80000C48006840F470000A4908600846006820
:107F900040F070400860FFF79FFE0020064908602F
:107FA000F8F714F900201CBD00E400E06C0100208B
:107FB0007001002020ED00E0680100202DE9FF4F56
:107FC00085B0804689461746DDE912ABB800FFF759
:107FD00071FB064656B15420FFF76CFB04460CB10A
:107FE000266304E03046FFF725FE00E000248CB154
:107FF000002084F85100CDE900ABCDE902403A46BB
:1080000049464046089BFFF759FA2046FFF75EF9BC
:10801000012501E04FF0FF35284609B0BDE8F08F9B
:108020002DE9F04F85B00746884691469A46DDE92E
:108030000EB6109C0EB1012000E0002050B900BF28
:10804000502080F31188BFF34F8FBFF36F8F00BFB5
:1080500000BFFEE70CB1012000E0002050B900BFD6
:10806000502080F31188BFF34F8FBFF36F8F00BF95
:1080700000BFFEE7542003900398542801D101204B
:1080800000E0002050B900BF502080F31188BFF3FA
:108090004F8FBFF36F8F00BF00BFFEE700BFB4B1CB
:1080A000AEB125462C462E63022085F851000020F3
:1080B00004A953464A46CDE900B1CDE902504146F4
:1080C0003846FFF7FBF92846FFF700F901E00020EA
:1080D0000490049805B0BDE8F08F00002DE9F04150
:1080E0004FF000084448006800287CD143480068ED
:1080F000451C4248056015BB41480068006808B946
:10810000012000E0002050B900BF502080F311880A
:10811000BFF34F8FBFF36F8F00BF00BFFEE738483C
:1081200007683848006836490860364807603648AE
:108130000068401C34490860FFF782FA00BF3348EA
:10814000006885423CD300BF2D480068006808B92C
:10815000012000E0002020B14FF0FF302B490860E3
:108160002DE027480068C068C4686668B54202D23E
:108170002648066023E0201DFFF7BCFCA06A18B16A
:1081800004F11800FFF7B6FC94F82C100120884089
:108190001F49096808431E490860E16A01EB810133
:1081A0001C4A02EB8100211DFFF7EFFC1A49E06A2F
:1081B0000968C96A8842C7D34FF00108C4E700BF05
:1081C00015480068C06A00EB8000124951F8200091
:1081D000012801D94FF001081048006808B14FF09C
:1081E000010805E0FFE70E480068401C0C490860E4
:1081F0004046BDE8F081000044010020200100203D
:108200001001002014010020340100203C01002056
:1082100024010020101100200C010020300100205A
:108220002C01002070B5002400263648006850B9A3
:1082300000BF502080F31188BFF34F8FBFF36F8FC3
:1082400000BF00BFFEE7FFF7ADFC2E480068401EF0
:108250002C4908600846006800284FD12A48006869
:1082600000284BD024E02948C068C46804F11800F5
:10827000FFF740FC201DFFF73DFC94F82C10012077
:10828000884023490968084321490860E16A01EBF5
:108290008101204A02EB8100211DFFF776FC1E4977
:1082A000E06A0968C96A884202D301201B49086054
:1082B0001648006808B9012000E000200028D2D04C
:1082C0000CB1FFF7BDF91648056865B100BFFFF7AF
:1082D00005FF10B10120114908606D1E002DF6D177
:1082E00000200F4908600D48006838B101263007AA
:1082F0000C490860BFF34F8FBFF36F8FFFF77CFC13
:10830000304670BD440100201C010020C411002033
:1083100024010020101100200C0100203001002059
:108320002C01002004ED00E002461248007818B14C
:1083300010480079884201DA002070470D48007922
:10834000401E0C4B5B1D185C6B2801D00020F4E72D
:108350000848407928B907488079EE2801D10020E3
:10836000EBE704484079904201D10120E5E7002085
:10837000E3E700009410002010B50020F8F7F4F9AE
:10838000F8F72AF90020024981F8240010BD000006
:10839000F803002010B5F8F71FF90020034981F811
:1083A00024000120F8F7E0F910BD0000F8030020D8
:1083B00070B504460D461646324629462046FDF75E
:1083C00093FC08B9002070BDFDF79EFBFBE70000A1
:1083D00070B50446204600F0C5F90646064900F08F
:1083E000E3F805460549284600F01CFA064604490C
:1083F00000F018FA70BD000000FF7F47DB0FC94096
:1084000064762D3D02460748007848B1054840781B
:10841000904205D103488078884201D101207047FD
:108420000020FCE79410002070B505460E4605B10B
:1084300006B970BD2C7C082C00D9082401200F49F6
:108440000870A888000A487008460471401D002181
:108450000160416022463146F7F712FF0CB13078D7
:1084600000E0002005498870022C01D3707800E0FC
:10847000FF200249C87000BFDBE700009410002015
:1084800010B5044604E00B49204600F08BFB04467F
:108490000949204600F092FAF5D304E00549204648
:1084A00000F00EF804460549204600F087F9F5D3A0
:1084B000204610BDDB0FC940DB0F4940DB0F49C030
:1084C00090EA010F48BF81F0004100F17283421A27
:1084D0003CBF801A89184FEAD0524FF07F4C1CEAFB
:1084E000410FA2EBD15318BF9CEA026F00F03B8012
:1084F0004FF0004C4CEA00204CEA012121FA03FC29
:1085000010EB0C0C1ED202F1FF325FEA1C2040EB94
:10851000C25038BF70471CF07F0F4FEA400C18BFA5
:10852000BCF17F4F38BF7047C3F12003994008BFAB
:1085300020F00100BCF17F4F38BF7047A0F1C04070
:1085400000F037BA4FEA3C00000A40EBC25028BFA7
:108550001CF0FF0F4FEA400CE6D018BFBCF17F4F74
:1085600038BF7047EAE79CEA026F05D010EA5C0F5B
:1085700008BF00F00040704710B500F0D4F900BF0C
:1085800064FBBE3E014800F082BB00BF0000C07F1C
:10859000401058BFC0F14040491058BFC1F14041A0
:1085A0008142EFF3008070474FF47F0C1CEAD01239
:1085B0001EBF1CEAD11392EA0C0F93EA0C0F00F0D5
:1085C000858090EA010F48BF42F4807240F4000CAD
:1085D00041F400002CF07F4120F07F4000B5814243
:1085E000A2EB03020FF2081CACEB504EC0F10000EE
:1085F0009EF800E04FEA4E0E00FB0EFC38BF49002B
:108600004FEA2C1C02F5FA020CFB0EF34FEACE1EC9
:108610004FEA112C4FEAC1210EEB635E42EB22427E
:108620000EFB0CFC4FEA1C5300FB03114FEA112C0C
:108630004FEA01310EFB0CFC4FEADC4C00FB0C1145
:10864000C14228BF09184CEB03335DF804EB10EB73
:10865000410143EBC250B2F57C0F38BF704729D5BA
:1086600012F0F00F1CBF00F1C04000F00040704756
:10867000008182838485868788898B8C8D8E8F91FB
:108680009293959697999A9C9D9FA0A2A3A5A7A81F
:10869000AAACAEB0B2B3B5B7B9BCBEC0C2C5C7C94B
:1086A000CCCED1D4D7D9DCDFE2E6E9ECF0F3F7FAAF
:1086B000FE0000004FEA400C0CF1807CBCF17E4FC4
:1086C00028BF7047B0F1C04000F073B990EA010FC5
:1086D0000CEAD11348BF42F48072624538BF63454B
:1086E00007D213F47F0F16D080EA010000F000409B
:1086F000704710B500F017F9097EFC3E00F005B890
:1087000080EA010000F00040704780EA010000F0BC
:10871000004000F04EB912F47F0F04BF02487047CA
:1087200080EA010000F045B90000C07F41000B0E57
:10873000D3F19E0208D950F400034FEA032323FA31
:1087400002F048BF4042704710B500F0ECF800BF9F
:1087500049922480002070476FF0004282EA200096
:108760007047000010F0004148BF4042B0FA80F36B
:1087700010FA03F2C3F19D030BD051EAC35101EB90
:108780001220530638BF704700F1010008BF20F0E7
:1087900001007047B0FA80F310FA03F2C3F19D03B1
:1087A0000AD0D90501EB1220530638BF704700F1FB
:1087B000010008BF20F001007047000050EA010CE2
:1087C00000F113801CF5000F58BFBCF5000F01D459
:1087D0008842704707D710F5000F58BF11F5000FFA
:1087E00015D488427047894270471CF5000F04D5A4
:1087F000BCF5000FF7D5814270474FF0807C1CEB31
:10880000400F38BF1CEB410F01D28142704710B5B9
:1088100000F089F8922449004FF000504FF0805149
:10882000FFF7B6BE4FF47F0C1CEAD0121EBF1CEA45
:10883000D11392EA0C0F93EA0C0F00F0478090EAF4
:10884000010F48BF42F480724FF0004C4CEA002008
:108850004CEA012102EB0302A0FB0113A2F5000286
:10886000002918BF43F001035B0028BF4FEA330320
:1088700042EB22425FEA132C4CEBC2502EBFBCEB02
:10888000436FB2F57C0F70474FEA036CBCF1004FA9
:1088900008BF20F00100B2F57C0F38BF70470BD540
:1088A00082F0FF0212F5803FC8BF704700F1C04060
:1088B000D8BF00F00040704700F5000C5FEA4C0C98
:1088C00048BF7047B0F1C04000F073B890EA010FA4
:1088D0000CEAD11348BF42F48072624538BF634549
:1088E00004D280EA010000F00040704710B500F0AB
:1088F0001AF800BF8900013E00F007B800F009B87F
:108900005FEA410C5FEA1C6C08D080EA010000F0CD
:1089100050B85FEA400C5FEA1C6CF6D14FF00040A3
:10892000A0F5800070470EF1020E2EF0030E5EF8E7
:10893000044B244204D44FEA4102B2F17F4F11D8D4
:108940004FEA4003B3F17F4F0CD80ED14FEAD07CF1
:10895000B2F17F4F0CEB4C0C0CF1020C08BF4CEB4E
:10896000D17C04E04FF0080C01E04FEAD17C0CEB25
:108970004C0324FA03F404F00704B4F1040C06D207
:108980000EEB840CBDE810404CF0010C6047DFE8B2
:108990000CF0070802024FF00040A0F5800010BD67
:1089A0000846420018BFD2F1807288BF00F0004034
:1089B00010BDFF2141EAD050C005704751EA000CBC
:1089C00000F113801CF5000F58BFBCF5000F01D457
:1089D0008142704707D711F5000F58BF10F5000FFF
:1089E00015D481427047894270471CF5000F04D5A9
:1089F000BCF5000FF7D5884270474FF0807C1CEB28
:108A0000410F38BF1CEB400F01D28842704780EA0B
:108A1000010081EA000180EA0100FFF7F8BE0000D2
:108A20005FEA400C5FEA1C6CBCF17F0314D4D3F105
:108A3000170240F31C804FF0010C0CFA02FCACF161
:108A400001030340B3EB5C0220EA030008BF10EA15
:108A50000C0F88BF60447047B3F1FF3F28BF5FEA47
:108A6000002C00F0004088BF40F07E507047BCF101
:108A7000FF0FB8BF704710B5FFF755FF40DBB6BE1C
:108A800080F0004090EA010F7FF521AD81F00041B8
:108A900000F08FB84FEAD051002988BFD1F1FF0212
:108AA00040F2758001F17D014FEA002070B5490860
:108AB00040F0004038BF40080EA2430E040CD25CC8
:108AC00002FB02F304FB03F3C3F14043A3FB025494
:108AD000ED0D45EA442202FB02F3A0FB03546D4274
:108AE000C4F1404438BF641EA2FB05350023E2FBFD
:108AF0000453EA0B42EA4342A0FB023212F1400463
:108B0000A2F12103E40903F07F031F2B32D904EB08
:108B1000C15070BDFEFAF7F3F0ECE9E6E4E1DEDC0B
:108B2000D9D7D4D2D0CECCCAC8C6C4C2C1BFBDBCAE
:108B3000BAB9B7B6B4B3B2B0AFAEACABAAA9A8A736
:108B4000A6A4A3A2A1A09F9E9E9D9C9B9A99989744
:108B5000979695949393929190908F8E8E8D8C8C06
:108B60008B8A8A898988878786868584848383829D
:108B70008281818004FB04F6B6EB004603D5E64211
:108B800048BF641CC3E7A64258BF641CBFE711F08E
:108B9000FF0F02D100F00040704710B5FFF7C3FE91
:108BA0007FDBFFBE90EA010F48BF81F000413FF537
:108BB0008EAC421A04D882F00042A0EB02001144AD
:108BC0004FEAD0524FF07F4C1CEA410FA2EBD15339
:108BD00018BF9CEA026F4AD04FF0004C4CEA0020CC
:108BE0004CEA012121FA03FCB0EB0C0C0FD412F07B
:108BF000FE0F36D05FEA4C001DD5001240EBC2508C
:108C000038BF70471CF03F0F18BF70470BE0A2F150
:108C100001025FEA1C2040EBC25038BF70471CF0D5
:108C20007F0F18BF7047C3F12003994014BF401E47
:108C300020F00100704780084FEA122308BF7047F8
:108C4000B0FA80FCA2EB0C02CCF1280C60FA0CF01C
:108C500093EA122F04BF00EBC25070474FEAC37073
:108C60007047130A5FEADC1008BF7047F6E79CEA1A
:108C7000026F04D010EA5C0F08BF0020704710B5E7
:108C8000FFF751FE40DFF63E81F0004070470CF0E8
:108C90000F03092B08BF082000F051800A2B0BD0CE
:108CA000082B18BF704708BF1CF0400F0AD04FF0C8
:108CB00000004FF0000170471CF0400F18BF4FF04C
:108CC000004070471CF0100F08D020F0704300F0F7
:108CD0007F4242EAD3014FEA4370704700F06040A0
:108CE00021F07F4242EA000201F07F4040EA7270C8
:108CF00070474FF0FF0212EAD0521CBF92F0FF0300
:108D00008B42C2BFD14200EBC1507047002A0AD04B
:108D1000002B0BD0002900F00040A4BF40F0FE4023
:108D200040F40000704700F00040704743024FF0ED
:108D30000B0C18BF4CF0806C7FF424AC70471CF413
:108D4000801F11D01CF4E02F03D06FEACC31490012
:108D500070474FF04050EFF3008222F0704242EA39
:108D6000000282F3008870474FF000007047000057
:108D7000708E000861520008FEFF00000000000035
:108D8000800000000000000000000000908E00083D
:108D9000E563000800000000000000008000000003
:108DA0000000000000000000848E0008A55D00089F
:108DB00000000000000000000001000000000000B2
:108DC00000000000688E0008256600080000000012
:108DD0000000000000010000000000000000000092
:108DE0007C8E0008C1470008000000000000000061
:108DF00080000000000000000000000000FF0100F3
:108E0000010000FFFF0000010001FF000203040554
:108E1000060708090A0B0C0D0E0F101001020203C1
:108E20000405060708090A0B0C0D0E0F10100102AD
:108E3000000000000000000001020304060708090A
:108E40000000000001020304000000006E83F9A28C
:108E50002915444ED15727FCC0DD34F5999562DBC6
:108E60004190433CAB6351FE64727638383734002E
:108E700064656661756C745461736B004A59746102
:108E8000736B00005A5444636F6E74726F6C000011
:108E90006368616F7368656E676475717500000063
:108EA000C08E0008000000207401000028010008A6
:108EB000E88E000874010020EC3A0000640100080C
:108EC0000120B2010240C833B44233A04097C03FF2
:108ED000D0050020057D1806002042105201035ED7
:088EE000127A95AAAAAAAA00C1
:04000005080000ED02
:00000001FF
